Skenario,Iterasi,Rata_Tunggu,Max_Tunggu,Std_Tunggu,Total_Mahasiswa,Pct_Tunggu
Jam Biasa,1,0.11,2,0.46,19,5.26
Jam Biasa,2,0.0,0,0.0,19,0.0
Jam Biasa,3,0.0,0,0.0,18,0.0
Jam Biasa,4,0.19,2,0.48,27,14.81
Jam Biasa,5,0.12,2,0.43,26,7.69
Jam Biasa,6,0.19,3,0.6,31,12.9
Jam Biasa,7,0.0,0,0.0,15,0.0
Jam Biasa,8,0.04,1,0.2,25,4.0
Jam Biasa,9,0.04,1,0.21,23,4.35
Jam Biasa,10,0.21,3,0.66,24,12.5
Jam Biasa,11,0.04,1,0.2,25,4.0
Jam Biasa,12,0.0,0,0.0,19,0.0
Jam Biasa,13,0.07,1,0.26,29,6.9
Jam Biasa,14,0.3,3,0.73,20,20.0
Jam Biasa,15,0.12,2,0.43,26,7.69
Jam Biasa,16,0.35,3,0.88,23,17.39
Jam Biasa,17,0.09,2,0.42,23,4.35
Jam Biasa,18,0.32,3,0.79,31,16.13
Jam Biasa,19,0.8,4,1.22,25,36.0
Jam Biasa,20,0.04,1,0.19,27,3.7
Jam Biasa,21,0.11,1,0.32,27,11.11
Jam Biasa,22,0.22,2,0.64,27,11.11
Jam Biasa,23,0.0,0,0.0,24,0.0
Jam Biasa,24,0.0,0,0.0,23,0.0
Jam Biasa,25,0.17,1,0.38,18,16.67
Jam Biasa,26,0.24,2,0.61,33,15.15
Jam Biasa,27,0.33,2,0.66,21,23.81
Jam Biasa,28,0.25,3,0.72,32,12.5
Jam Biasa,29,0.19,2,0.57,26,11.54
Jam Biasa,30,0.18,2,0.58,33,9.09
Jam Biasa,31,0.0,0,0.0,22,0.0
Jam Biasa,32,0.19,2,0.6,21,9.52
Jam Biasa,33,0.29,2,0.66,28,17.86
Jam Biasa,34,0.0,0,0.0,22,0.0
Jam Biasa,35,0.13,1,0.35,30,13.33
Jam Biasa,36,0.28,3,0.8,29,13.79
Jam Biasa,37,0.0,0,0.0,19,0.0
Jam Biasa,38,0.0,0,0.0,23,0.0
Jam Biasa,39,0.13,3,0.63,23,4.35
Jam Biasa,40,0.07,1,0.26,28,7.14
Jam Biasa,41,0.22,2,0.65,18,11.11
Jam Biasa,42,0.24,2,0.51,29,20.69
Jam Biasa,43,0.19,3,0.62,27,11.11
Jam Biasa,44,0.23,2,0.61,22,13.64
Jam Biasa,45,0.16,2,0.55,25,8.0
Jam Biasa,46,0.06,1,0.24,17,5.88
Jam Biasa,47,0.0,0,0.0,17,0.0
Jam Biasa,48,0.1,2,0.45,20,5.0
Jam Biasa,49,0.08,2,0.41,24,4.17
Jam Biasa,50,0.09,2,0.42,23,4.35
Jam Biasa,51,0.11,2,0.42,27,7.41
Jam Biasa,52,0.0,0,0.0,22,0.0
Jam Biasa,53,0.19,2,0.6,21,9.52
Jam Biasa,54,0.07,2,0.37,29,3.45
Jam Biasa,55,0.0,0,0.0,27,0.0
Jam Biasa,56,0.0,0,0.0,20,0.0
Jam Biasa,57,0.0,0,0.0,22,0.0
Jam Biasa,58,0.0,0,0.0,19,0.0
Jam Biasa,59,0.06,1,0.25,16,6.25
Jam Biasa,60,0.16,2,0.45,32,12.5
Jam Biasa,61,0.39,3,0.88,28,21.43
Jam Biasa,62,0.0,0,0.0,22,0.0
Jam Biasa,63,0.11,1,0.32,18,11.11
Jam Biasa,64,0.15,2,0.46,27,11.11
Jam Biasa,65,0.61,4,1.12,31,29.03
Jam Biasa,66,0.45,3,0.9,33,24.24
Jam Biasa,67,0.14,2,0.44,29,10.34
Jam Biasa,68,0.15,2,0.46,26,11.54
Jam Biasa,69,0.17,2,0.47,29,13.79
Jam Biasa,70,0.08,2,0.41,24,4.17
Jam Biasa,71,0.08,1,0.27,26,7.69
Jam Biasa,72,0.05,1,0.22,20,5.0
Jam Biasa,73,0.23,2,0.53,22,18.18
Jam Biasa,74,0.09,2,0.42,23,4.35
Jam Biasa,75,0.16,3,0.57,32,9.38
Jam Biasa,76,0.04,1,0.21,23,4.35
Jam Biasa,77,0.11,2,0.42,28,7.14
Jam Biasa,78,0.0,0,0.0,15,0.0
Jam Biasa,79,0.13,1,0.34,31,12.9
Jam Biasa,80,0.15,3,0.67,20,5.0
Jam Biasa,81,0.09,2,0.43,22,4.55
Jam Biasa,82,0.19,2,0.49,26,15.38
Jam Biasa,83,0.27,2,0.63,33,18.18
Jam Biasa,84,0.11,1,0.32,19,10.53
Jam Biasa,85,0.07,2,0.38,27,3.7
Jam Biasa,86,0.19,2,0.48,27,14.81
Jam Biasa,87,0.67,5,1.56,21,19.05
Jam Biasa,88,0.72,5,1.37,32,31.25
Jam Biasa,89,0.0,0,0.0,20,0.0
Jam Biasa,90,0.32,4,0.9,28,14.29
Jam Biasa,91,0.07,1,0.27,14,7.14
Jam Biasa,92,0.28,4,0.89,25,12.0
Jam Biasa,93,0.13,3,0.63,23,4.35
Jam Biasa,94,0.04,1,0.2,24,4.17
Jam Biasa,95,0.0,0,0.0,18,0.0
Jam Biasa,96,0.13,1,0.34,23,13.04
Jam Biasa,97,0.11,2,0.42,27,7.41
Jam Biasa,98,0.15,2,0.49,20,10.0
Jam Biasa,99,0.15,2,0.49,20,10.0
Jam Biasa,100,0.12,3,0.6,25,4.0
Jam Biasa,101,0.04,1,0.2,25,4.0
Jam Biasa,102,0.05,1,0.21,22,4.55
Jam Biasa,103,0.18,2,0.59,22,9.09
Jam Biasa,104,0.0,0,0.0,22,0.0
Jam Biasa,105,0.12,2,0.44,25,8.0
Jam Biasa,106,0.05,1,0.22,21,4.76
Jam Biasa,107,0.0,0,0.0,26,0.0
Jam Biasa,108,0.0,0,0.0,28,0.0
Jam Biasa,109,0.38,3,0.73,29,27.59
Jam Biasa,110,0.0,0,0.0,24,0.0
Jam Biasa,111,0.44,3,0.89,27,25.93
Jam Biasa,112,0.0,0,0.0,23,0.0
Jam Biasa,113,0.0,0,0.0,19,0.0
Jam Biasa,114,0.0,0,0.0,16,0.0
Jam Biasa,115,0.54,4,1.17,26,19.23
Jam Biasa,116,0.39,3,0.9,33,21.21
Jam Biasa,117,0.19,2,0.54,16,12.5
Jam Biasa,118,0.0,0,0.0,18,0.0
Jam Biasa,119,0.0,0,0.0,20,0.0
Jam Biasa,120,0.23,2,0.59,26,15.38
Jam Biasa,121,0.04,1,0.21,23,4.35
Jam Biasa,122,0.0,0,0.0,21,0.0
Jam Biasa,123,0.25,2,0.52,28,21.43
Jam Biasa,124,0.04,1,0.21,23,4.35
Jam Biasa,125,0.1,1,0.3,21,9.52
Jam Biasa,126,0.05,1,0.22,20,5.0
Jam Biasa,127,0.12,2,0.45,24,8.33
Jam Biasa,128,0.19,2,0.54,16,12.5
Jam Biasa,129,0.43,4,1.01,30,20.0
Jam Biasa,130,0.05,1,0.21,22,4.55
Jam Biasa,131,0.17,2,0.51,18,11.11
Jam Biasa,132,0.26,2,0.59,27,18.52
Jam Biasa,133,0.41,3,0.8,27,25.93
Jam Biasa,134,0.16,2,0.5,19,10.53
Jam Biasa,135,0.05,1,0.22,20,5.0
Jam Biasa,136,0.11,1,0.32,18,11.11
Jam Biasa,137,0.09,1,0.29,22,9.09
Jam Biasa,138,0.13,2,0.46,23,8.7
Jam Biasa,139,0.24,3,0.74,29,10.34
Jam Biasa,140,0.05,1,0.23,19,5.26
Jam Biasa,141,0.65,3,1.03,23,34.78
Jam Biasa,142,0.06,1,0.24,33,6.06
Jam Biasa,143,0.04,1,0.19,27,3.7
Jam Biasa,144,0.18,3,0.58,33,12.12
Jam Biasa,145,0.32,2,0.61,28,25.0
Jam Biasa,146,0.2,2,0.62,20,10.0
Jam Biasa,147,0.05,1,0.21,22,4.55
Jam Biasa,148,0.43,2,0.73,30,30.0
Jam Biasa,149,0.0,0,0.0,14,0.0
Jam Biasa,150,0.08,1,0.28,25,8.0
Jam Biasa,151,0.0,0,0.0,26,0.0
Jam Biasa,152,0.0,0,0.0,21,0.0
Jam Biasa,153,0.0,0,0.0,20,0.0
Jam Biasa,154,0.33,4,0.96,30,13.33
Jam Biasa,155,0.38,3,0.97,21,14.29
Jam Biasa,156,0.05,1,0.23,19,5.26
Jam Biasa,157,0.0,0,0.0,24,0.0
Jam Biasa,158,0.33,3,0.87,24,16.67
Jam Biasa,159,0.1,1,0.3,21,9.52
Jam Biasa,160,0.1,1,0.3,21,9.52
Jam Biasa,161,0.61,5,1.2,38,26.32
Jam Biasa,162,0.08,2,0.4,25,4.0
Jam Biasa,163,0.22,2,0.65,18,11.11
Jam Biasa,164,0.12,2,0.45,24,8.33
Jam Biasa,165,0.0,0,0.0,21,0.0
Jam Biasa,166,0.41,3,0.96,22,18.18
Jam Biasa,167,0.0,0,0.0,26,0.0
Jam Biasa,168,0.0,0,0.0,24,0.0
Jam Biasa,169,0.2,3,0.71,25,8.0
Jam Biasa,170,0.22,3,0.67,23,13.04
Jam Biasa,171,0.07,2,0.38,27,3.7
Jam Biasa,172,0.04,1,0.2,24,4.17
Jam Biasa,173,0.0,0,0.0,20,0.0
Jam Biasa,174,0.52,3,0.96,31,29.03
Jam Biasa,175,0.11,1,0.32,19,10.53
Jam Biasa,176,0.58,3,0.9,26,34.62
Jam Biasa,177,0.29,2,0.64,21,19.05
Jam Biasa,178,0.54,5,1.21,26,23.08
Jam Biasa,179,0.0,0,0.0,20,0.0
Jam Biasa,180,0.0,0,0.0,17,0.0
Jam Biasa,181,0.07,2,0.38,28,3.57
Jam Biasa,182,0.17,2,0.48,24,12.5
Jam Biasa,183,0.17,2,0.49,23,13.04
Jam Biasa,184,0.24,2,0.66,17,11.76
Jam Biasa,185,0.05,1,0.22,21,4.76
Jam Biasa,186,0.12,1,0.34,24,12.5
Jam Biasa,187,0.13,1,0.34,23,13.04
Jam Biasa,188,0.04,1,0.19,27,3.7
Jam Biasa,189,0.1,2,0.44,21,4.76
Jam Biasa,190,0.0,0,0.0,19,0.0
Jam Biasa,191,0.42,2,0.7,26,30.77
Jam Biasa,192,0.06,1,0.24,17,5.88
Jam Biasa,193,0.14,1,0.35,36,13.89
Jam Biasa,194,0.05,1,0.22,21,4.76
Jam Biasa,195,0.05,1,0.22,21,4.76
Jam Biasa,196,0.16,2,0.55,25,8.0
Jam Biasa,197,0.0,0,0.0,16,0.0
Jam Biasa,198,0.19,2,0.51,21,14.29
Jam Biasa,199,0.05,1,0.23,19,5.26
Jam Biasa,200,0.23,2,0.65,26,11.54
Jam Biasa,201,0.07,1,0.26,15,6.67
Jam Biasa,202,0.27,2,0.63,22,18.18
Jam Biasa,203,0.33,3,0.86,21,14.29
Jam Biasa,204,0.14,2,0.45,28,10.71
Jam Biasa,205,0.23,3,0.67,31,12.9
Jam Biasa,206,0.21,2,0.51,24,16.67
Jam Biasa,207,0.1,2,0.4,30,6.67
Jam Biasa,208,0.05,1,0.23,19,5.26
Jam Biasa,209,0.08,2,0.41,24,4.17
Jam Biasa,210,0.06,1,0.24,17,5.88
Jam Biasa,211,0.08,2,0.39,26,3.85
Jam Biasa,212,0.0,0,0.0,22,0.0
Jam Biasa,213,0.0,0,0.0,19,0.0
Jam Biasa,214,0.13,2,0.43,30,10.0
Jam Biasa,215,0.19,2,0.49,26,15.38
Jam Biasa,216,0.7,5,1.26,23,34.78
Jam Biasa,217,0.0,0,0.0,21,0.0
Jam Biasa,218,0.15,2,0.46,26,11.54
Jam Biasa,219,0.05,1,0.23,19,5.26
Jam Biasa,220,0.08,2,0.4,25,4.0
Jam Biasa,221,0.08,2,0.41,24,4.17
Jam Biasa,222,0.0,0,0.0,22,0.0
Jam Biasa,223,0.12,2,0.43,26,7.69
Jam Biasa,224,0.21,2,0.49,29,17.24
Jam Biasa,225,0.36,2,0.79,22,18.18
Jam Biasa,226,0.04,1,0.2,24,4.17
Jam Biasa,227,0.41,3,0.85,22,22.73
Jam Biasa,228,0.14,1,0.36,21,14.29
Jam Biasa,229,0.03,1,0.19,29,3.45
Jam Biasa,230,0.04,1,0.2,25,4.0
Jam Biasa,231,0.17,2,0.49,23,13.04
Jam Biasa,232,0.48,3,0.87,21,28.57
Jam Biasa,233,0.06,1,0.24,33,6.06
Jam Biasa,234,0.15,1,0.37,20,15.0
Jam Biasa,235,0.03,1,0.18,30,3.33
Jam Biasa,236,0.09,1,0.29,23,8.7
Jam Biasa,237,0.24,2,0.54,21,19.05
Jam Biasa,238,0.07,1,0.27,14,7.14
Jam Biasa,239,0.21,3,0.68,29,10.34
Jam Biasa,240,0.18,3,0.61,28,10.71
Jam Biasa,241,0.13,2,0.51,30,6.67
Jam Biasa,242,0.05,1,0.23,19,5.26
Jam Biasa,243,0.19,4,0.8,26,7.69
Jam Biasa,244,0.07,1,0.26,29,6.9
Jam Biasa,245,0.1,2,0.44,21,4.76
Jam Biasa,246,0.0,0,0.0,17,0.0
Jam Biasa,247,0.12,2,0.44,25,8.0
Jam Biasa,248,0.43,3,0.87,21,23.81
Jam Biasa,249,0.15,2,0.46,26,11.54
Jam Biasa,250,0.0,0,0.0,20,0.0
Jam Biasa,251,0.52,3,0.96,25,28.0
Jam Biasa,252,0.0,0,0.0,14,0.0
Jam Biasa,253,0.0,0,0.0,17,0.0
Jam Biasa,254,0.05,1,0.22,21,4.76
Jam Biasa,255,0.09,1,0.29,34,8.82
Jam Biasa,256,0.1,2,0.45,20,5.0
Jam Biasa,257,0.58,4,1.14,24,25.0
Jam Biasa,258,0.35,3,0.78,23,21.74
Jam Biasa,259,0.0,0,0.0,20,0.0
Jam Biasa,260,0.26,2,0.66,27,14.81
Jam Biasa,261,0.07,1,0.27,14,7.14
Jam Biasa,262,0.48,4,1.12,27,22.22
Jam Biasa,263,0.08,1,0.28,25,8.0
Jam Biasa,264,0.09,2,0.42,23,4.35
Jam Biasa,265,0.12,1,0.33,25,12.0
Jam Biasa,266,0.03,1,0.19,29,3.45
Jam Biasa,267,0.0,0,0.0,24,0.0
Jam Biasa,268,0.0,0,0.0,17,0.0
Jam Biasa,269,0.04,1,0.19,28,3.57
Jam Biasa,270,0.19,2,0.48,27,14.81
Jam Biasa,271,0.0,0,0.0,18,0.0
Jam Biasa,272,0.25,3,0.79,20,10.0
Jam Biasa,273,0.25,3,0.7,28,14.29
Jam Biasa,274,0.06,1,0.25,31,6.45
Jam Biasa,275,0.1,2,0.45,20,5.0
Jam Biasa,276,0.12,2,0.44,25,8.0
Jam Biasa,277,0.11,2,0.42,28,7.14
Jam Biasa,278,0.18,2,0.5,22,13.64
Jam Biasa,279,0.08,2,0.4,25,4.0
Jam Biasa,280,0.09,1,0.28,35,8.57
Jam Biasa,281,0.04,1,0.19,28,3.57
Jam Biasa,282,0.0,0,0.0,21,0.0
Jam Biasa,283,0.0,0,0.0,18,0.0
Jam Biasa,284,0.33,3,0.86,21,14.29
Jam Biasa,285,0.0,0,0.0,21,0.0
Jam Biasa,286,0.14,3,0.65,21,4.76
Jam Biasa,287,0.0,0,0.0,19,0.0
Jam Biasa,288,0.23,3,0.71,26,11.54
Jam Biasa,289,0.05,1,0.22,21,4.76
Jam Biasa,290,0.1,3,0.56,29,3.45
Jam Biasa,291,0.0,0,0.0,21,0.0
Jam Biasa,292,0.09,2,0.42,23,4.35
Jam Biasa,293,0.08,2,0.41,24,4.17
Jam Biasa,294,0.11,2,0.46,19,5.26
Jam Biasa,295,0.19,2,0.57,26,11.54
Jam Biasa,296,0.19,2,0.48,27,14.81
Jam Biasa,297,0.0,0,0.0,20,0.0
Jam Biasa,298,0.1,1,0.31,20,10.0
Jam Biasa,299,0.0,0,0.0,24,0.0
Jam Biasa,300,0.09,1,0.29,23,8.7
Jam Biasa,301,0.5,3,0.88,24,29.17
Jam Biasa,302,0.07,2,0.38,28,3.57
Jam Biasa,303,0.3,2,0.7,23,17.39
Jam Biasa,304,0.11,2,0.47,18,5.56
Jam Biasa,305,0.14,2,0.44,29,10.34
Jam Biasa,306,0.5,3,0.93,34,26.47
Jam Biasa,307,0.05,1,0.22,20,5.0
Jam Biasa,308,0.2,3,0.65,25,12.0
Jam Biasa,309,0.0,0,0.0,23,0.0
Jam Biasa,310,0.2,2,0.58,25,12.0
Jam Biasa,311,0.24,3,0.69,29,13.79
Jam Biasa,312,0.1,2,0.4,30,6.67
Jam Biasa,313,0.08,2,0.4,25,4.0
Jam Biasa,314,0.22,2,0.6,23,13.04
Jam Biasa,315,0.16,2,0.52,31,9.68
Jam Biasa,316,0.12,2,0.42,32,9.38
Jam Biasa,317,0.0,0,0.0,20,0.0
Jam Biasa,318,0.05,1,0.22,20,5.0
Jam Biasa,319,0.19,2,0.47,32,15.62
Jam Biasa,320,0.14,2,0.52,29,6.9
Jam Biasa,321,0.21,3,0.69,28,10.71
Jam Biasa,322,0.5,5,1.24,26,19.23
Jam Biasa,323,0.91,7,1.86,23,26.09
Jam Biasa,324,0.03,1,0.19,29,3.45
Jam Biasa,325,0.29,3,0.77,17,17.65
Jam Biasa,326,0.09,2,0.42,23,4.35
Jam Biasa,327,0.0,0,0.0,13,0.0
Jam Biasa,328,0.22,2,0.52,23,17.39
Jam Biasa,329,0.03,1,0.18,31,3.23
Jam Biasa,330,0.0,0,0.0,25,0.0
Jam Biasa,331,0.37,2,0.68,19,26.32
Jam Biasa,332,0.12,2,0.48,33,6.06
Jam Biasa,333,0.13,2,0.46,23,8.7
Jam Biasa,334,0.33,3,0.86,21,14.29
Jam Biasa,335,0.0,0,0.0,13,0.0
Jam Biasa,336,0.23,2,0.59,26,15.38
Jam Biasa,337,0.0,0,0.0,16,0.0
Jam Biasa,338,0.1,2,0.45,20,5.0
Jam Biasa,339,0.29,2,0.55,24,25.0
Jam Biasa,340,0.2,2,0.52,20,15.0
Jam Biasa,341,0.12,1,0.33,17,11.76
Jam Biasa,342,0.3,3,0.76,23,17.39
Jam Biasa,343,0.35,3,0.75,37,21.62
Jam Biasa,344,0.04,1,0.2,26,3.85
Jam Biasa,345,0.1,1,0.31,20,10.0
Jam Biasa,346,0.0,0,0.0,20,0.0
Jam Biasa,347,0.0,0,0.0,28,0.0
Jam Biasa,348,0.08,2,0.4,25,4.0
Jam Biasa,349,0.04,1,0.2,26,3.85
Jam Biasa,350,0.17,2,0.47,29,13.79
Jam Biasa,351,0.1,1,0.31,20,10.0
Jam Biasa,352,0.19,2,0.48,27,14.81
Jam Biasa,353,0.17,2,0.48,24,12.5
Jam Biasa,354,0.0,0,0.0,22,0.0
Jam Biasa,355,0.29,3,0.78,21,14.29
Jam Biasa,356,0.14,2,0.47,22,9.09
Jam Biasa,357,0.38,3,0.83,32,18.75
Jam Biasa,358,0.12,1,0.33,26,11.54
Jam Biasa,359,0.0,0,0.0,20,0.0
Jam Biasa,360,0.13,1,0.34,23,13.04
Jam Biasa,361,0.0,0,0.0,19,0.0
Jam Biasa,362,0.0,0,0.0,17,0.0
Jam Biasa,363,0.0,0,0.0,17,0.0
Jam Biasa,364,0.14,2,0.44,29,10.34
Jam Biasa,365,0.26,2,0.63,31,16.13
Jam Biasa,366,0.13,1,0.34,31,12.9
Jam Biasa,367,0.28,2,0.65,29,17.24
Jam Biasa,368,0.45,3,0.87,29,24.14
Jam Biasa,369,0.45,3,0.91,29,24.14
Jam Biasa,370,0.29,3,0.74,31,16.13
Jam Biasa,371,0.13,3,0.63,23,4.35
Jam Biasa,372,0.19,2,0.56,27,11.11
Jam Biasa,373,0.24,2,0.66,25,12.0
Jam Biasa,374,0.11,2,0.42,28,7.14
Jam Biasa,375,0.0,0,0.0,24,0.0
Jam Biasa,376,0.07,1,0.26,29,6.9
Jam Biasa,377,0.09,2,0.42,23,4.35
Jam Biasa,378,0.04,1,0.2,24,4.17
Jam Biasa,379,0.05,1,0.22,20,5.0
Jam Biasa,380,0.09,2,0.38,33,6.06
Jam Biasa,381,0.12,2,0.45,24,8.33
Jam Biasa,382,0.0,0,0.0,24,0.0
Jam Biasa,383,0.23,2,0.49,35,20.0
Jam Biasa,384,0.09,2,0.43,22,4.55
Jam Biasa,385,0.09,2,0.43,22,4.55
Jam Biasa,386,0.0,0,0.0,17,0.0
Jam Biasa,387,0.45,3,0.96,22,22.73
Jam Biasa,388,0.0,0,0.0,11,0.0
Jam Biasa,389,0.06,1,0.24,17,5.88
Jam Biasa,390,0.67,6,1.41,27,25.93
Jam Biasa,391,0.0,0,0.0,24,0.0
Jam Biasa,392,0.31,4,0.89,29,13.79
Jam Biasa,393,0.28,2,0.59,29,20.69
Jam Biasa,394,0.27,4,0.87,26,11.54
Jam Biasa,395,0.12,2,0.49,17,5.88
Jam Biasa,396,0.05,1,0.22,20,5.0
Jam Biasa,397,0.09,2,0.43,22,4.55
Jam Biasa,398,0.0,0,0.0,21,0.0
Jam Biasa,399,0.0,0,0.0,15,0.0
Jam Biasa,400,0.09,2,0.42,23,4.35
Jam Biasa,401,0.31,4,0.88,26,15.38
Jam Biasa,402,0.0,0,0.0,15,0.0
Jam Biasa,403,0.07,1,0.27,14,7.14
Jam Biasa,404,0.0,0,0.0,15,0.0
Jam Biasa,405,0.59,3,1.08,34,29.41
Jam Biasa,406,0.17,2,0.49,23,13.04
Jam Biasa,407,0.0,0,0.0,16,0.0
Jam Biasa,408,0.27,2,0.58,30,20.0
Jam Biasa,409,0.24,1,0.44,25,24.0
Jam Biasa,410,0.42,3,0.93,24,20.83
Jam Biasa,411,0.0,0,0.0,22,0.0
Jam Biasa,412,0.46,3,1.07,28,17.86
Jam Biasa,413,0.2,2,0.62,20,10.0
Jam Biasa,414,0.08,2,0.39,26,3.85
Jam Biasa,415,0.05,1,0.22,20,5.0
Jam Biasa,416,0.13,2,0.46,23,8.7
Jam Biasa,417,0.1,1,0.31,30,10.0
Jam Biasa,418,0.0,0,0.0,19,0.0
Jam Biasa,419,0.67,3,1.04,27,33.33
Jam Biasa,420,0.15,3,0.61,26,7.69
Jam Biasa,421,0.0,0,0.0,22,0.0
Jam Biasa,422,0.0,0,0.0,27,0.0
Jam Biasa,423,0.21,2,0.48,33,18.18
Jam Biasa,424,0.11,2,0.42,28,7.14
Jam Biasa,425,0.17,3,0.59,30,10.0
Jam Biasa,426,0.0,0,0.0,25,0.0
Jam Biasa,427,0.15,2,0.53,27,7.41
Jam Biasa,428,0.29,2,0.69,31,16.13
Jam Biasa,429,0.0,0,0.0,24,0.0
Jam Biasa,430,0.17,2,0.45,35,14.29
Jam Biasa,431,0.3,2,0.7,23,17.39
Jam Biasa,432,0.0,0,0.0,16,0.0
Jam Biasa,433,0.09,2,0.43,22,4.55
Jam Biasa,434,0.05,1,0.23,19,5.26
Jam Biasa,435,0.04,1,0.19,28,3.57
Jam Biasa,436,0.37,3,0.79,27,22.22
Jam Biasa,437,0.07,1,0.26,29,6.9
Jam Biasa,438,0.0,0,0.0,15,0.0
Jam Biasa,439,0.04,1,0.19,27,3.7
Jam Biasa,440,0.0,0,0.0,16,0.0
Jam Biasa,441,0.07,2,0.38,27,3.7
Jam Biasa,442,0.0,0,0.0,16,0.0
Jam Biasa,443,0.26,3,0.81,19,10.53
Jam Biasa,444,0.59,3,1.08,34,26.47
Jam Biasa,445,0.21,2,0.51,24,16.67
Jam Biasa,446,0.25,2,0.62,32,15.62
Jam Biasa,447,0.14,2,0.47,22,9.09
Jam Biasa,448,0.11,2,0.46,19,5.26
Jam Biasa,449,0.1,2,0.4,30,6.67
Jam Biasa,450,0.08,2,0.4,25,4.0
Jam Biasa,451,0.09,1,0.29,23,8.7
Jam Biasa,452,0.19,1,0.4,32,18.75
Jam Biasa,453,0.0,0,0.0,14,0.0
Jam Biasa,454,0.59,4,0.99,34,32.35
Jam Biasa,455,0.23,2,0.56,31,16.13
Jam Biasa,456,0.0,0,0.0,23,0.0
Jam Biasa,457,0.08,2,0.41,24,4.17
Jam Biasa,458,0.08,1,0.28,25,8.0
Jam Biasa,459,0.33,3,0.8,21,19.05
Jam Biasa,460,0.58,5,1.36,26,19.23
Jam Biasa,461,0.0,0,0.0,18,0.0
Jam Biasa,462,0.0,0,0.0,14,0.0
Jam Biasa,463,0.13,2,0.46,23,8.7
Jam Biasa,464,0.0,0,0.0,17,0.0
Jam Biasa,465,0.0,0,0.0,16,0.0
Jam Biasa,466,0.17,2,0.47,29,13.79
Jam Biasa,467,0.04,1,0.2,24,4.17
Jam Biasa,468,0.13,2,0.43,30,10.0
Jam Biasa,469,0.0,0,0.0,23,0.0
Jam Biasa,470,0.09,2,0.43,22,4.55
Jam Biasa,471,0.12,1,0.33,26,11.54
Jam Biasa,472,0.19,2,0.49,26,15.38
Jam Biasa,473,0.19,3,0.59,32,12.5
Jam Biasa,474,0.03,1,0.18,31,3.23
Jam Biasa,475,0.0,0,0.0,20,0.0
Jam Biasa,476,0.14,3,0.64,22,4.55
Jam Biasa,477,0.07,1,0.26,29,6.9
Jam Biasa,478,0.04,1,0.2,24,4.17
Jam Biasa,479,0.0,0,0.0,15,0.0
Jam Biasa,480,0.1,2,0.45,20,5.0
Jam Biasa,481,0.07,1,0.26,28,7.14
Jam Biasa,482,0.09,2,0.42,23,4.35
Jam Biasa,483,0.12,2,0.49,17,5.88
Jam Biasa,484,0.3,3,0.75,30,16.67
Jam Biasa,485,0.04,1,0.2,24,4.17
Jam Biasa,486,0.28,2,0.65,29,17.24
Jam Biasa,487,0.0,0,0.0,15,0.0
Jam Biasa,488,0.05,1,0.23,19,5.26
Jam Biasa,489,0.15,2,0.54,26,7.69
Jam Biasa,490,0.0,0,0.0,22,0.0
Jam Biasa,491,0.19,2,0.49,26,15.38
Jam Biasa,492,0.0,0,0.0,18,0.0
Jam Biasa,493,0.0,0,0.0,22,0.0
Jam Biasa,494,0.1,2,0.4,30,6.67
Jam Biasa,495,0.08,1,0.28,25,8.0
Jam Biasa,496,0.0,0,0.0,27,0.0
Jam Biasa,497,0.21,2,0.57,28,14.29
Jam Biasa,498,0.19,2,0.47,32,15.62
Jam Biasa,499,0.12,2,0.49,17,5.88
Jam Biasa,500,0.14,2,0.47,22,9.09
Jam Biasa,501,0.12,1,0.33,17,11.76
Jam Biasa,502,0.15,2,0.54,26,7.69
Jam Biasa,503,0.27,3,0.69,30,16.67
Jam Biasa,504,0.58,3,0.97,33,30.3
Jam Biasa,505,0.18,2,0.55,28,10.71
Jam Biasa,506,0.08,2,0.41,24,4.17
Jam Biasa,507,0.16,2,0.5,19,10.53
Jam Biasa,508,0.25,3,0.79,20,10.0
Jam Biasa,509,0.0,0,0.0,24,0.0
Jam Biasa,510,0.17,2,0.48,24,12.5
Jam Biasa,511,0.66,4,1.2,29,27.59
Jam Biasa,512,0.04,1,0.21,23,4.35
Jam Biasa,513,0.21,2,0.59,24,12.5
Jam Biasa,514,0.16,2,0.47,25,12.0
Jam Biasa,515,0.23,3,0.69,22,13.64
Jam Biasa,516,0.12,2,0.44,25,8.0
Jam Biasa,517,0.0,0,0.0,17,0.0
Jam Biasa,518,0.14,1,0.35,22,13.64
Jam Biasa,519,0.05,1,0.21,22,4.55
Jam Biasa,520,0.33,2,0.68,27,22.22
Jam Biasa,521,0.22,2,0.6,23,13.04
Jam Biasa,522,0.73,5,1.41,30,26.67
Jam Biasa,523,0.0,0,0.0,22,0.0
Jam Biasa,524,0.0,0,0.0,16,0.0
Jam Biasa,525,0.17,3,0.65,23,8.7
Jam Biasa,526,0.45,3,0.89,31,25.81
Jam Biasa,527,0.11,1,0.32,19,10.53
Jam Biasa,528,0.0,0,0.0,16,0.0
Jam Biasa,529,0.28,2,0.53,29,24.14
Jam Biasa,530,0.05,1,0.21,22,4.55
Jam Biasa,531,0.17,1,0.38,24,16.67
Jam Biasa,532,0.16,3,0.62,25,8.0
Jam Biasa,533,0.09,2,0.39,32,6.25
Jam Biasa,534,0.0,0,0.0,19,0.0
Jam Biasa,535,0.17,2,0.48,24,12.5
Jam Biasa,536,0.14,2,0.47,22,9.09
Jam Biasa,537,0.16,1,0.37,19,15.79
Jam Biasa,538,0.0,0,0.0,23,0.0
Jam Biasa,539,0.12,2,0.49,17,5.88
Jam Biasa,540,0.19,2,0.57,26,11.54
Jam Biasa,541,0.19,2,0.54,31,12.9
Jam Biasa,542,0.21,2,0.63,19,10.53
Jam Biasa,543,0.09,2,0.42,23,4.35
Jam Biasa,544,0.11,2,0.42,28,7.14
Jam Biasa,545,0.0,0,0.0,20,0.0
Jam Biasa,546,0.24,2,0.52,25,20.0
Jam Biasa,547,0.0,0,0.0,23,0.0
Jam Biasa,548,0.1,1,0.3,31,9.68
Jam Biasa,549,0.27,4,0.87,26,11.54
Jam Biasa,550,0.26,3,0.7,35,14.29
Jam Biasa,551,0.21,2,0.51,24,16.67
Jam Biasa,552,0.18,2,0.53,17,11.76
Jam Biasa,553,0.0,0,0.0,24,0.0
Jam Biasa,554,0.0,0,0.0,15,0.0
Jam Biasa,555,0.14,1,0.35,22,13.64
Jam Biasa,556,0.22,2,0.65,18,11.11
Jam Biasa,557,0.04,1,0.2,26,3.85
Jam Biasa,558,0.04,1,0.21,23,4.35
Jam Biasa,559,0.13,1,0.35,30,13.33
Jam Biasa,560,0.21,1,0.41,29,20.69
Jam Biasa,561,0.24,3,0.7,21,14.29
Jam Biasa,562,0.11,2,0.42,27,7.41
Jam Biasa,563,0.25,3,0.7,28,14.29
Jam Biasa,564,0.13,2,0.46,23,8.7
Jam Biasa,565,0.55,3,0.96,22,27.27
Jam Biasa,566,0.35,4,0.92,34,17.65
Jam Biasa,567,0.09,2,0.42,23,4.35
Jam Biasa,568,0.14,2,0.45,28,10.71
Jam Biasa,569,0.11,2,0.46,19,5.26
Jam Biasa,570,0.0,0,0.0,15,0.0
Jam Biasa,571,0.58,4,1.03,33,30.3
Jam Biasa,572,0.15,2,0.44,34,11.76
Jam Biasa,573,0.07,1,0.26,29,6.9
Jam Biasa,574,0.05,1,0.21,22,4.55
Jam Biasa,575,0.04,1,0.21,23,4.35
Jam Biasa,576,0.17,2,0.49,23,13.04
Jam Biasa,577,0.17,2,0.58,12,8.33
Jam Biasa,578,0.1,1,0.31,20,10.0
Jam Biasa,579,0.0,0,0.0,23,0.0
Jam Biasa,580,0.43,3,0.88,28,21.43
Jam Biasa,581,0.64,4,1.06,28,35.71
Jam Biasa,582,0.05,1,0.23,19,5.26
Jam Biasa,583,0.16,2,0.5,19,10.53
Jam Biasa,584,0.0,0,0.0,19,0.0
Jam Biasa,585,0.08,1,0.27,26,7.69
Jam Biasa,586,0.28,3,0.84,25,12.0
Jam Biasa,587,0.26,3,0.71,27,14.81
Jam Biasa,588,0.0,0,0.0,22,0.0
Jam Biasa,589,0.13,2,0.46,23,8.7
Jam Biasa,590,0.19,2,0.56,27,11.11
Jam Biasa,591,0.17,2,0.58,23,8.7
Jam Biasa,592,0.15,2,0.53,27,7.41
Jam Biasa,593,0.24,3,0.7,21,14.29
Jam Biasa,594,0.04,1,0.19,27,3.7
Jam Biasa,595,0.12,2,0.49,17,5.88
Jam Biasa,596,0.12,2,0.45,24,8.33
Jam Biasa,597,0.14,2,0.45,28,10.71
Jam Biasa,598,0.1,2,0.41,29,6.9
Jam Biasa,599,0.16,2,0.5,19,10.53
Jam Biasa,600,0.0,0,0.0,28,0.0
Jam Biasa,601,0.38,3,0.82,29,24.14
Jam Biasa,602,0.05,1,0.23,19,5.26
Jam Biasa,603,0.2,2,0.55,30,13.33
Jam Biasa,604,0.31,3,0.79,26,15.38
Jam Biasa,605,0.14,2,0.45,28,10.71
Jam Biasa,606,0.12,2,0.49,17,5.88
Jam Biasa,607,0.11,2,0.42,27,7.41
Jam Biasa,608,0.08,1,0.27,26,7.69
Jam Biasa,609,0.27,2,0.7,22,13.64
Jam Biasa,610,0.24,3,0.65,34,14.71
Jam Biasa,611,0.18,2,0.55,28,10.71
Jam Biasa,612,0.0,0,0.0,23,0.0
Jam Biasa,613,0.03,1,0.19,29,3.45
Jam Biasa,614,0.0,0,0.0,24,0.0
Jam Biasa,615,0.18,2,0.48,28,14.29
Jam Biasa,616,0.7,4,1.33,23,26.09
Jam Biasa,617,0.0,0,0.0,14,0.0
Jam Biasa,618,0.05,1,0.22,20,5.0
Jam Biasa,619,0.25,3,0.73,36,11.11
Jam Biasa,620,0.27,3,0.74,30,13.33
Jam Biasa,621,0.29,3,0.76,28,14.29
Jam Biasa,622,0.0,0,0.0,30,0.0
Jam Biasa,623,0.46,2,0.83,24,25.0
Jam Biasa,624,0.15,3,0.61,26,7.69
Jam Biasa,625,0.05,1,0.23,19,5.26
Jam Biasa,626,0.04,1,0.2,24,4.17
Jam Biasa,627,0.25,3,0.7,28,14.29
Jam Biasa,628,0.04,1,0.2,24,4.17
Jam Biasa,629,0.0,0,0.0,19,0.0
Jam Biasa,630,0.22,2,0.6,23,13.04
Jam Biasa,631,0.19,2,0.58,36,11.11
Jam Biasa,632,0.21,2,0.57,28,14.29
Jam Biasa,633,0.0,0,0.0,27,0.0
Jam Biasa,634,0.0,0,0.0,22,0.0
Jam Biasa,635,0.29,3,0.74,31,16.13
Jam Biasa,636,0.22,2,0.52,23,17.39
Jam Biasa,637,0.0,0,0.0,14,0.0
Jam Biasa,638,0.05,1,0.22,20,5.0
Jam Biasa,639,0.09,2,0.42,23,4.35
Jam Biasa,640,0.15,2,0.44,33,12.12
Jam Biasa,641,0.3,3,0.72,27,18.52
Jam Biasa,642,0.4,3,0.93,30,16.67
Jam Biasa,643,0.12,2,0.43,26,7.69
Jam Biasa,644,0.0,0,0.0,17,0.0
Jam Biasa,645,0.11,3,0.57,28,3.57
Jam Biasa,646,0.16,3,0.69,19,5.26
Jam Biasa,647,0.27,3,0.78,26,11.54
Jam Biasa,648,0.05,1,0.23,19,5.26
Jam Biasa,649,0.18,2,0.45,40,15.0
Jam Biasa,650,0.1,1,0.3,21,9.52
Jam Biasa,651,0.04,1,0.21,23,4.35
Jam Biasa,652,0.35,2,0.69,34,23.53
Jam Biasa,653,0.27,2,0.63,22,18.18
Jam Biasa,654,0.04,1,0.2,24,4.17
Jam Biasa,655,0.22,2,0.58,27,14.81
Jam Biasa,656,0.0,0,0.0,21,0.0
Jam Biasa,657,0.0,0,0.0,19,0.0
Jam Biasa,658,0.14,1,0.35,22,13.64
Jam Biasa,659,0.0,0,0.0,25,0.0
Jam Biasa,660,0.21,2,0.54,19,15.79
Jam Biasa,661,0.07,2,0.38,28,3.57
Jam Biasa,662,0.0,0,0.0,13,0.0
Jam Biasa,663,0.11,1,0.31,28,10.71
Jam Biasa,664,0.18,2,0.53,33,12.12
Jam Biasa,665,0.19,2,0.48,27,14.81
Jam Biasa,666,0.04,1,0.21,23,4.35
Jam Biasa,667,0.24,2,0.6,25,16.0
Jam Biasa,668,0.0,0,0.0,25,0.0
Jam Biasa,669,0.0,0,0.0,21,0.0
Jam Biasa,670,0.0,0,0.0,20,0.0
Jam Biasa,671,0.05,1,0.23,19,5.26
Jam Biasa,672,0.0,0,0.0,21,0.0
Jam Biasa,673,0.0,0,0.0,23,0.0
Jam Biasa,674,0.5,3,1.04,28,21.43
Jam Biasa,675,0.04,1,0.2,25,4.0
Jam Biasa,676,0.15,3,0.6,27,7.41
Jam Biasa,677,0.09,1,0.29,22,9.09
Jam Biasa,678,0.13,3,0.63,23,4.35
Jam Biasa,679,0.09,1,0.29,22,9.09
Jam Biasa,680,0.35,3,0.89,26,15.38
Jam Biasa,681,0.04,1,0.21,23,4.35
Jam Biasa,682,0.05,1,0.22,21,4.76
Jam Biasa,683,0.0,0,0.0,22,0.0
Jam Biasa,684,0.21,2,0.56,29,13.79
Jam Biasa,685,0.05,1,0.22,20,5.0
Jam Biasa,686,0.19,2,0.6,21,9.52
Jam Biasa,687,0.17,2,0.49,23,13.04
Jam Biasa,688,0.05,1,0.22,20,5.0
Jam Biasa,689,0.0,0,0.0,22,0.0
Jam Biasa,690,0.16,2,0.45,32,12.5
Jam Biasa,691,0.0,0,0.0,22,0.0
Jam Biasa,692,0.05,1,0.22,20,5.0
Jam Biasa,693,0.05,1,0.22,21,4.76
Jam Biasa,694,0.13,2,0.43,30,10.0
Jam Biasa,695,0.0,0,0.0,16,0.0
Jam Biasa,696,0.23,2,0.53,22,18.18
Jam Biasa,697,0.37,3,0.85,30,16.67
Jam Biasa,698,0.12,2,0.45,24,8.33
Jam Biasa,699,0.0,0,0.0,21,0.0
Jam Biasa,700,0.05,1,0.22,20,5.0
Jam Biasa,701,0.28,2,0.65,29,17.24
Jam Biasa,702,0.23,3,0.69,22,13.64
Jam Biasa,703,0.22,2,0.58,27,14.81
Jam Biasa,704,0.33,2,0.76,24,16.67
Jam Biasa,705,0.08,1,0.27,26,7.69
Jam Biasa,706,0.0,0,0.0,27,0.0
Jam Biasa,707,0.16,2,0.52,31,9.68
Jam Biasa,708,0.19,2,0.48,27,14.81
Jam Biasa,709,0.19,2,0.6,21,9.52
Jam Biasa,710,0.0,0,0.0,22,0.0
Jam Biasa,711,0.0,0,0.0,15,0.0
Jam Biasa,712,0.19,3,0.63,26,11.54
Jam Biasa,713,0.0,0,0.0,15,0.0
Jam Biasa,714,0.32,3,0.8,25,16.0
Jam Biasa,715,0.09,2,0.43,22,4.55
Jam Biasa,716,0.0,0,0.0,21,0.0
Jam Biasa,717,0.43,4,0.98,21,23.81
Jam Biasa,718,0.12,2,0.45,24,8.33
Jam Biasa,719,0.29,3,0.76,28,14.29
Jam Biasa,720,0.11,2,0.42,27,7.41
Jam Biasa,721,0.64,4,1.16,28,28.57
Jam Biasa,722,0.0,0,0.0,17,0.0
Jam Biasa,723,0.0,0,0.0,16,0.0
Jam Biasa,724,0.04,1,0.21,23,4.35
Jam Biasa,725,0.0,0,0.0,20,0.0
Jam Biasa,726,0.0,0,0.0,16,0.0
Jam Biasa,727,0.05,1,0.22,20,5.0
Jam Biasa,728,0.0,0,0.0,22,0.0
Jam Biasa,729,0.5,3,0.86,26,30.77
Jam Biasa,730,0.09,2,0.43,22,4.55
Jam Biasa,731,0.11,2,0.47,18,5.56
Jam Biasa,732,0.17,2,0.48,24,12.5
Jam Biasa,733,0.77,5,1.37,35,34.29
Jam Biasa,734,0.0,0,0.0,21,0.0
Jam Biasa,735,0.5,3,0.99,26,23.08
Jam Biasa,736,0.11,1,0.32,27,11.11
Jam Biasa,737,0.21,2,0.63,19,10.53
Jam Biasa,738,0.11,1,0.32,19,10.53
Jam Biasa,739,0.21,3,0.68,29,10.34
Jam Biasa,740,0.3,4,0.98,20,10.0
Jam Biasa,741,0.0,0,0.0,16,0.0
Jam Biasa,742,0.45,4,0.99,29,20.69
Jam Biasa,743,0.15,2,0.46,27,11.11
Jam Biasa,744,0.07,1,0.27,27,7.41
Jam Biasa,745,0.0,0,0.0,22,0.0
Jam Biasa,746,0.3,2,0.61,27,22.22
Jam Biasa,747,0.15,2,0.44,33,12.12
Jam Biasa,748,0.0,0,0.0,17,0.0
Jam Biasa,749,0.0,0,0.0,22,0.0
Jam Biasa,750,0.12,3,0.61,24,4.17
Jam Biasa,751,0.0,0,0.0,20,0.0
Jam Biasa,752,0.05,1,0.21,22,4.55
Jam Biasa,753,0.05,1,0.22,20,5.0
Jam Biasa,754,0.74,3,1.06,31,35.48
Jam Biasa,755,0.14,2,0.47,22,9.09
Jam Biasa,756,0.06,2,0.35,32,3.12
Jam Biasa,757,0.03,1,0.19,29,3.45
Jam Biasa,758,0.0,0,0.0,23,0.0
Jam Biasa,759,0.05,1,0.22,21,4.76
Jam Biasa,760,0.0,0,0.0,20,0.0
Jam Biasa,761,0.25,3,0.75,28,10.71
Jam Biasa,762,0.11,2,0.42,28,7.14
Jam Biasa,763,0.11,1,0.31,28,10.71
Jam Biasa,764,0.09,2,0.42,23,4.35
Jam Biasa,765,0.05,1,0.23,19,5.26
Jam Biasa,766,0.07,1,0.25,30,6.67
Jam Biasa,767,0.0,0,0.0,22,0.0
Jam Biasa,768,0.26,3,0.66,35,17.14
Jam Biasa,769,0.08,1,0.27,26,7.69
Jam Biasa,770,0.06,1,0.24,18,5.56
Jam Biasa,771,0.0,0,0.0,26,0.0
Jam Biasa,772,0.0,0,0.0,19,0.0
Jam Biasa,773,0.04,1,0.2,26,3.85
Jam Biasa,774,0.1,2,0.45,20,5.0
Jam Biasa,775,0.0,0,0.0,29,0.0
Jam Biasa,776,0.21,3,0.69,28,10.71
Jam Biasa,777,0.08,2,0.4,25,4.0
Jam Biasa,778,0.25,2,0.64,20,15.0
Jam Biasa,779,0.0,0,0.0,21,0.0
Jam Biasa,780,0.26,2,0.58,31,19.35
Jam Biasa,781,0.17,2,0.45,35,14.29
Jam Biasa,782,0.11,2,0.42,27,7.41
Jam Biasa,783,0.04,1,0.2,24,4.17
Jam Biasa,784,0.1,2,0.45,20,5.0
Jam Biasa,785,0.12,1,0.34,24,12.5
Jam Biasa,786,0.04,1,0.2,24,4.17
Jam Biasa,787,0.04,1,0.2,24,4.17
Jam Biasa,788,0.4,3,0.77,30,26.67
Jam Biasa,789,0.2,3,0.66,30,10.0
Jam Biasa,790,0.0,0,0.0,20,0.0
Jam Biasa,791,0.0,0,0.0,19,0.0
Jam Biasa,792,0.11,1,0.32,27,11.11
Jam Biasa,793,0.0,0,0.0,26,0.0
Jam Biasa,794,0.23,2,0.65,26,11.54
Jam Biasa,795,0.11,2,0.46,19,5.26
Jam Biasa,796,0.0,0,0.0,20,0.0
Jam Biasa,797,0.17,2,0.51,18,11.11
Jam Biasa,798,0.1,2,0.41,29,6.9
Jam Biasa,799,0.0,0,0.0,23,0.0
Jam Biasa,800,0.07,2,0.37,29,3.45
Jam Biasa,801,0.15,2,0.46,27,11.11
Jam Biasa,802,0.13,2,0.52,15,6.67
Jam Biasa,803,0.1,1,0.31,20,10.0
Jam Biasa,804,0.06,1,0.25,31,6.45
Jam Biasa,805,0.43,3,0.82,30,26.67
Jam Biasa,806,0.06,1,0.25,16,6.25
Jam Biasa,807,0.0,0,0.0,20,0.0
Jam Biasa,808,0.27,3,0.72,26,15.38
Jam Biasa,809,0.1,2,0.41,29,6.9
Jam Biasa,810,0.04,1,0.2,25,4.0
Jam Biasa,811,0.12,2,0.43,26,7.69
Jam Biasa,812,0.12,2,0.45,24,8.33
Jam Biasa,813,0.13,1,0.35,30,13.33
Jam Biasa,814,0.06,1,0.24,18,5.56
Jam Biasa,815,0.0,0,0.0,21,0.0
Jam Biasa,816,0.11,1,0.31,28,10.71
Jam Biasa,817,0.34,2,0.67,38,23.68
Jam Biasa,818,0.16,2,0.55,25,8.0
Jam Biasa,819,0.26,3,0.75,23,13.04
Jam Biasa,820,0.0,0,0.0,28,0.0
Jam Biasa,821,0.16,1,0.37,25,16.0
Jam Biasa,822,0.0,0,0.0,24,0.0
Jam Biasa,823,0.05,1,0.22,21,4.76
Jam Biasa,824,0.18,2,0.59,22,9.09
Jam Biasa,825,0.18,3,0.67,28,7.14
Jam Biasa,826,0.0,0,0.0,23,0.0
Jam Biasa,827,0.29,2,0.6,28,21.43
Jam Biasa,828,0.11,2,0.42,28,7.14
Jam Biasa,829,0.06,1,0.24,18,5.56
Jam Biasa,830,0.05,1,0.22,20,5.0
Jam Biasa,831,0.04,1,0.2,25,4.0
Jam Biasa,832,0.23,3,0.71,26,11.54
Jam Biasa,833,0.27,3,0.8,15,13.33
Jam Biasa,834,0.27,2,0.59,15,20.0
Jam Biasa,835,0.0,0,0.0,19,0.0
Jam Biasa,836,0.0,0,0.0,27,0.0
Jam Biasa,837,0.04,1,0.2,25,4.0
Jam Biasa,838,0.07,1,0.27,27,7.41
Jam Biasa,839,0.1,1,0.3,21,9.52
Jam Biasa,840,0.09,2,0.43,22,4.55
Jam Biasa,841,0.05,1,0.22,20,5.0
Jam Biasa,842,0.0,0,0.0,25,0.0
Jam Biasa,843,0.12,2,0.45,24,8.33
Jam Biasa,844,0.13,2,0.46,23,8.7
Jam Biasa,845,0.07,2,0.38,28,3.57
Jam Biasa,846,0.0,0,0.0,21,0.0
Jam Biasa,847,0.45,5,1.09,29,20.69
Jam Biasa,848,0.16,2,0.5,19,10.53
Jam Biasa,849,0.08,1,0.27,26,7.69
Jam Biasa,850,0.12,2,0.45,24,8.33
Jam Biasa,851,0.0,0,0.0,19,0.0
Jam Biasa,852,0.07,1,0.27,14,7.14
Jam Biasa,853,0.04,1,0.19,27,3.7
Jam Biasa,854,0.14,2,0.47,22,9.09
Jam Biasa,855,0.09,2,0.43,22,4.55
Jam Biasa,856,0.43,2,0.79,23,26.09
Jam Biasa,857,0.2,2,0.58,25,12.0
Jam Biasa,858,0.19,3,0.68,27,7.41
Jam Biasa,859,0.24,2,0.52,25,20.0
Jam Biasa,860,0.05,1,0.22,20,5.0
Jam Biasa,861,0.26,2,0.62,23,17.39
Jam Biasa,862,0.04,1,0.2,25,4.0
Jam Biasa,863,0.15,3,0.61,26,7.69
Jam Biasa,864,0.11,2,0.42,28,7.14
Jam Biasa,865,0.17,2,0.48,24,12.5
Jam Biasa,866,0.6,3,1.01,35,31.43
Jam Biasa,867,0.24,3,0.66,25,16.0
Jam Biasa,868,0.14,2,0.45,28,10.71
Jam Biasa,869,0.07,2,0.37,29,3.45
Jam Biasa,870,0.07,1,0.26,28,7.14
Jam Biasa,871,0.0,0,0.0,23,0.0
Jam Biasa,872,0.0,0,0.0,13,0.0
Jam Biasa,873,0.48,4,1.08,23,21.74
Jam Biasa,874,0.0,0,0.0,21,0.0
Jam Biasa,875,0.0,0,0.0,24,0.0
Jam Biasa,876,0.31,3,0.79,26,15.38
Jam Biasa,877,0.2,3,0.71,25,8.0
Jam Biasa,878,0.08,1,0.28,25,8.0
Jam Biasa,879,0.05,1,0.22,21,4.76
Jam Biasa,880,0.08,2,0.4,25,4.0
Jam Biasa,881,0.04,1,0.21,23,4.35
Jam Biasa,882,0.0,0,0.0,25,0.0
Jam Biasa,883,0.09,2,0.43,22,4.55
Jam Biasa,884,0.13,2,0.46,23,8.7
Jam Biasa,885,0.04,1,0.2,25,4.0
Jam Biasa,886,0.73,4,1.42,22,22.73
Jam Biasa,887,0.19,3,0.62,27,11.11
Jam Biasa,888,0.1,1,0.31,20,10.0
Jam Biasa,889,0.18,2,0.5,22,13.64
Jam Biasa,890,0.0,0,0.0,17,0.0
Jam Biasa,891,0.04,1,0.19,27,3.7
Jam Biasa,892,0.42,3,0.97,24,16.67
Jam Biasa,893,0.16,1,0.37,19,15.79
Jam Biasa,894,0.21,3,0.62,29,13.79
Jam Biasa,895,0.0,0,0.0,12,0.0
Jam Biasa,896,0.24,3,0.72,25,12.0
Jam Biasa,897,0.04,1,0.2,24,4.17
Jam Biasa,898,0.17,2,0.51,18,11.11
Jam Biasa,899,0.17,2,0.47,29,13.79
Jam Biasa,900,0.0,0,0.0,19,0.0
Jam Biasa,901,0.12,2,0.45,24,8.33
Jam Biasa,902,0.12,3,0.6,25,4.0
Jam Biasa,903,0.38,2,0.77,13,23.08
Jam Biasa,904,0.09,1,0.29,22,9.09
Jam Biasa,905,0.27,3,0.74,30,13.33
Jam Biasa,906,0.32,3,0.95,19,10.53
Jam Biasa,907,0.05,1,0.23,19,5.26
Jam Biasa,908,0.24,2,0.64,29,13.79
Jam Biasa,909,0.1,1,0.31,30,10.0
Jam Biasa,910,0.24,2,0.6,25,16.0
Jam Biasa,911,0.44,3,0.96,25,20.0
Jam Biasa,912,0.24,2,0.6,25,16.0
Jam Biasa,913,0.0,0,0.0,16,0.0
Jam Biasa,914,0.12,1,0.33,25,12.0
Jam Biasa,915,0.05,1,0.23,19,5.26
Jam Biasa,916,0.54,5,1.18,24,25.0
Jam Biasa,917,0.17,3,0.65,23,8.7
Jam Biasa,918,0.0,0,0.0,19,0.0
Jam Biasa,919,0.17,3,0.65,23,8.7
Jam Biasa,920,0.06,1,0.25,31,6.45
Jam Biasa,921,0.11,2,0.42,27,7.41
Jam Biasa,922,0.25,3,0.7,28,14.29
Jam Biasa,923,0.0,0,0.0,22,0.0
Jam Biasa,924,0.14,1,0.35,22,13.64
Jam Biasa,925,0.0,0,0.0,23,0.0
Jam Biasa,926,0.0,0,0.0,29,0.0
Jam Biasa,927,0.17,2,0.48,24,12.5
Jam Biasa,928,0.04,1,0.21,23,4.35
Jam Biasa,929,0.15,2,0.49,20,10.0
Jam Biasa,930,0.62,4,1.17,26,26.92
Jam Biasa,931,0.24,3,0.72,25,12.0
Jam Biasa,932,0.09,2,0.38,33,6.06
Jam Biasa,933,0.13,2,0.46,23,8.7
Jam Biasa,934,0.6,3,0.99,20,35.0
Jam Biasa,935,0.76,6,1.56,34,23.53
Jam Biasa,936,0.04,1,0.21,23,4.35
Jam Biasa,937,0.41,4,0.97,27,18.52
Jam Biasa,938,0.12,2,0.44,25,8.0
Jam Biasa,939,0.0,0,0.0,24,0.0
Jam Biasa,940,0.0,0,0.0,17,0.0
Jam Biasa,941,0.0,0,0.0,17,0.0
Jam Biasa,942,0.0,0,0.0,22,0.0
Jam Biasa,943,0.03,1,0.19,29,3.45
Jam Biasa,944,0.17,2,0.48,24,12.5
Jam Biasa,945,0.0,0,0.0,15,0.0
Jam Biasa,946,0.07,2,0.38,27,3.7
Jam Biasa,947,0.12,2,0.43,26,7.69
Jam Biasa,948,0.0,0,0.0,27,0.0
Jam Biasa,949,0.05,1,0.22,20,5.0
Jam Biasa,950,0.0,0,0.0,18,0.0
Jam Biasa,951,0.11,2,0.42,27,7.41
Jam Biasa,952,0.0,0,0.0,21,0.0
Jam Biasa,953,0.54,3,0.99,26,26.92
Jam Biasa,954,0.17,2,0.49,23,13.04
Jam Biasa,955,0.11,2,0.42,28,7.14
Jam Biasa,956,0.24,2,0.64,29,13.79
Jam Biasa,957,0.09,2,0.43,22,4.55
Jam Biasa,958,0.3,3,0.75,30,16.67
Jam Biasa,959,0.1,2,0.44,21,4.76
Jam Biasa,960,0.1,1,0.31,20,10.0
Jam Biasa,961,0.21,3,0.63,28,14.29
Jam Biasa,962,0.0,0,0.0,17,0.0
Jam Biasa,963,0.14,2,0.44,29,10.34
Jam Biasa,964,0.04,1,0.21,23,4.35
Jam Biasa,965,0.38,3,0.9,29,17.24
Jam Biasa,966,0.2,2,0.48,30,16.67
Jam Biasa,967,0.05,1,0.21,22,4.55
Jam Biasa,968,0.0,0,0.0,26,0.0
Jam Biasa,969,0.0,0,0.0,20,0.0
Jam Biasa,970,0.1,1,0.31,20,10.0
Jam Biasa,971,0.47,4,1.04,30,20.0
Jam Biasa,972,0.21,2,0.56,29,13.79
Jam Biasa,973,0.11,2,0.42,27,7.41
Jam Biasa,974,0.13,1,0.34,31,12.9
Jam Biasa,975,0.35,3,0.85,26,15.38
Jam Biasa,976,0.31,3,0.76,29,17.24
Jam Biasa,977,0.14,1,0.36,21,14.29
Jam Biasa,978,0.0,0,0.0,21,0.0
Jam Biasa,979,0.11,1,0.32,27,11.11
Jam Biasa,980,0.0,0,0.0,21,0.0
Jam Biasa,981,0.27,2,0.63,22,18.18
Jam Biasa,982,0.56,4,1.19,32,21.88
Jam Biasa,983,0.3,2,0.66,20,20.0
Jam Biasa,984,0.09,2,0.42,23,4.35
Jam Biasa,985,0.25,2,0.64,20,15.0
Jam Biasa,986,0.0,0,0.0,20,0.0
Jam Biasa,987,0.2,2,0.58,25,12.0
Jam Biasa,988,0.08,2,0.39,26,3.85
Jam Biasa,989,0.1,1,0.31,20,10.0
Jam Biasa,990,0.03,1,0.18,30,3.33
Jam Biasa,991,0.6,3,0.96,25,36.0
Jam Biasa,992,0.21,2,0.49,29,17.24
Jam Biasa,993,0.08,1,0.28,25,8.0
Jam Biasa,994,0.12,1,0.33,26,11.54
Jam Biasa,995,0.0,0,0.0,26,0.0
Jam Biasa,996,0.24,3,0.72,25,12.0
Jam Biasa,997,0.07,1,0.25,30,6.67
Jam Biasa,998,0.11,2,0.46,19,5.26
Jam Biasa,999,0.04,1,0.21,23,4.35
Jam Biasa,1000,0.12,1,0.34,16,12.5
Rush Hour,1,0.95,4,1.23,58,46.55
Rush Hour,2,2.77,11,3.06,65,72.31
Rush Hour,3,6.95,13,4.42,79,84.81
Rush Hour,4,1.94,6,1.97,65,60.0
Rush Hour,5,0.61,4,1.2,41,24.39
Rush Hour,6,1.92,9,2.44,63,57.14
Rush Hour,7,3.1,10,3.23,67,68.66
Rush Hour,8,1.3,7,1.76,54,50.0
Rush Hour,9,1.81,7,2.13,72,61.11
Rush Hour,10,1.56,9,2.31,57,47.37
Rush Hour,11,0.63,3,0.9,60,40.0
Rush Hour,12,2.68,7,2.48,65,67.69
Rush Hour,13,3.14,10,2.74,65,72.31
Rush Hour,14,1.18,5,1.48,60,51.67
Rush Hour,15,2.25,7,2.05,72,68.06
Rush Hour,16,2.17,7,1.89,69,73.91
Rush Hour,17,0.98,5,1.48,47,40.43
Rush Hour,18,0.36,3,0.7,47,25.53
Rush Hour,19,2.56,8,2.57,77,68.83
Rush Hour,20,2.09,8,2.16,66,63.64
Rush Hour,21,1.41,6,1.62,64,59.38
Rush Hour,22,1.1,4,1.28,59,50.85
Rush Hour,23,1.56,7,1.99,57,56.14
Rush Hour,24,1.28,5,1.53,60,53.33
Rush Hour,25,1.07,5,1.62,46,41.3
Rush Hour,26,3.15,10,2.84,68,69.12
Rush Hour,27,1.36,6,1.63,53,54.72
Rush Hour,28,3.9,10,2.56,70,85.71
Rush Hour,29,0.64,4,1.08,53,33.96
Rush Hour,30,1.03,7,1.64,61,42.62
Rush Hour,31,0.62,3,1.04,53,32.08
Rush Hour,32,0.81,6,1.36,59,35.59
Rush Hour,33,1.02,5,1.32,62,46.77
Rush Hour,34,2.04,7,2.18,71,64.79
Rush Hour,35,2.14,9,2.5,56,58.93
Rush Hour,36,0.64,4,1.08,55,32.73
Rush Hour,37,1.04,6,1.44,57,47.37
Rush Hour,38,1.23,4,1.27,66,59.09
Rush Hour,39,1.46,6,1.64,63,58.73
Rush Hour,40,3.88,13,4.01,75,70.67
Rush Hour,41,1.98,8,2.35,56,58.93
Rush Hour,42,1.32,6,1.48,57,56.14
Rush Hour,43,0.8,3,1.0,56,46.43
Rush Hour,44,0.89,5,1.23,57,45.61
Rush Hour,45,0.5,3,0.83,56,32.14
Rush Hour,46,2.09,8,2.44,55,58.18
Rush Hour,47,3.27,12,3.82,59,66.1
Rush Hour,48,0.71,4,1.08,49,36.73
Rush Hour,49,0.93,5,1.24,61,47.54
Rush Hour,50,0.73,5,1.2,51,35.29
Rush Hour,51,1.48,6,1.7,67,59.7
Rush Hour,52,2.25,10,2.58,63,65.08
Rush Hour,53,1.07,6,1.65,56,41.07
Rush Hour,54,1.32,8,1.66,65,55.38
Rush Hour,55,1.94,8,2.02,66,65.15
Rush Hour,56,2.09,9,2.36,66,57.58
Rush Hour,57,4.51,16,5.05,68,64.71
Rush Hour,58,0.34,2,0.68,44,22.73
Rush Hour,59,4.78,11,3.25,69,86.96
Rush Hour,60,2.53,9,2.15,68,76.47
Rush Hour,61,4.92,11,3.49,72,88.89
Rush Hour,62,0.62,4,1.06,55,32.73
Rush Hour,63,1.7,6,1.76,53,58.49
Rush Hour,64,1.26,6,1.71,66,45.45
Rush Hour,65,3.0,12,3.3,61,65.57
Rush Hour,66,4.59,12,3.51,74,83.78
Rush Hour,67,3.57,15,4.36,77,70.13
Rush Hour,68,1.86,7,2.24,57,50.88
Rush Hour,69,4.33,11,3.46,63,79.37
Rush Hour,70,1.85,7,1.83,61,68.85
Rush Hour,71,0.28,2,0.58,47,21.28
Rush Hour,72,0.47,3,0.86,51,27.45
Rush Hour,73,2.57,11,3.21,61,55.74
Rush Hour,74,1.85,6,1.92,59,55.93
Rush Hour,75,2.73,9,2.84,71,63.38
Rush Hour,76,0.71,5,1.19,56,33.93
Rush Hour,77,0.62,4,1.05,55,32.73
Rush Hour,78,1.18,7,1.52,71,56.34
Rush Hour,79,2.82,9,2.04,74,85.14
Rush Hour,80,1.54,5,1.49,72,65.28
Rush Hour,81,3.73,9,2.65,63,82.54
Rush Hour,82,0.77,4,1.01,56,48.21
Rush Hour,83,2.02,10,2.38,65,60.0
Rush Hour,84,2.62,8,2.43,63,66.67
Rush Hour,85,1.81,6,1.78,62,66.13
Rush Hour,86,2.32,8,2.26,65,72.31
Rush Hour,87,1.08,5,1.61,50,36.0
Rush Hour,88,0.4,3,0.73,50,28.0
Rush Hour,89,0.7,4,1.05,60,38.33
Rush Hour,90,4.19,9,2.39,75,89.33
Rush Hour,91,2.13,8,2.17,63,66.67
Rush Hour,92,0.54,4,0.96,46,30.43
Rush Hour,93,2.28,7,2.29,64,59.38
Rush Hour,94,0.98,6,1.54,61,39.34
Rush Hour,95,1.58,7,1.93,65,52.31
Rush Hour,96,1.13,7,1.58,61,49.18
Rush Hour,97,0.85,4,1.23,47,38.3
Rush Hour,98,0.31,2,0.56,45,26.67
Rush Hour,99,1.49,6,1.6,69,63.77
Rush Hour,100,4.94,12,4.24,68,75.0
Rush Hour,101,0.33,3,0.74,39,20.51
Rush Hour,102,0.87,6,1.52,60,35.0
Rush Hour,103,1.06,5,1.32,54,50.0
Rush Hour,104,0.75,5,1.15,57,38.6
Rush Hour,105,0.98,7,1.55,59,42.37
Rush Hour,106,7.15,19,5.25,74,90.54
Rush Hour,107,2.73,11,3.3,66,62.12
Rush Hour,108,0.59,5,1.15,44,27.27
Rush Hour,109,0.87,4,1.19,55,43.64
Rush Hour,110,0.6,4,1.01,60,33.33
Rush Hour,111,1.09,5,1.38,58,46.55
Rush Hour,112,1.99,6,1.8,72,68.06
Rush Hour,113,0.92,5,1.34,49,40.82
Rush Hour,114,2.85,11,3.1,60,63.33
Rush Hour,115,1.06,6,1.46,54,40.74
Rush Hour,116,2.1,7,2.2,61,63.93
Rush Hour,117,1.05,5,1.36,64,48.44
Rush Hour,118,0.88,5,1.38,51,43.14
Rush Hour,119,3.4,11,2.76,81,80.25
Rush Hour,120,1.72,9,2.3,60,53.33
Rush Hour,121,0.82,5,1.26,57,42.11
Rush Hour,122,6.22,15,4.29,79,82.28
Rush Hour,123,3.21,12,3.43,71,66.2
Rush Hour,124,3.62,13,3.49,73,73.97
Rush Hour,125,2.19,7,1.94,62,72.58
Rush Hour,126,0.92,5,1.52,51,33.33
Rush Hour,127,8.23,21,7.1,73,78.08
Rush Hour,128,0.67,3,0.99,51,37.25
Rush Hour,129,2.38,8,2.44,68,69.12
Rush Hour,130,0.92,4,1.25,59,45.76
Rush Hour,131,1.97,11,2.59,65,53.85
Rush Hour,132,1.94,6,1.83,68,69.12
Rush Hour,133,2.15,7,2.47,53,49.06
Rush Hour,134,1.06,6,1.47,63,44.44
Rush Hour,135,1.34,6,1.73,58,50.0
Rush Hour,136,0.36,2,0.66,42,26.19
Rush Hour,137,2.22,8,2.51,67,67.16
Rush Hour,138,1.89,11,2.34,63,57.14
Rush Hour,139,0.14,2,0.41,44,11.36
Rush Hour,140,1.09,6,1.32,68,58.82
Rush Hour,141,1.04,4,1.49,46,36.96
Rush Hour,142,0.84,6,1.49,49,34.69
Rush Hour,143,4.01,13,3.85,68,69.12
Rush Hour,144,0.54,3,0.84,46,36.96
Rush Hour,145,0.7,4,1.13,54,35.19
Rush Hour,146,1.11,5,1.3,64,57.81
Rush Hour,147,3.37,9,3.1,63,69.84
Rush Hour,148,1.45,9,2.31,55,41.82
Rush Hour,149,1.18,5,1.28,66,59.09
Rush Hour,150,1.13,5,1.41,60,53.33
Rush Hour,151,1.24,5,1.44,58,55.17
Rush Hour,152,1.31,6,1.84,55,45.45
Rush Hour,153,2.2,6,1.79,71,71.83
Rush Hour,154,1.28,5,1.4,60,58.33
Rush Hour,155,0.57,3,0.93,56,32.14
Rush Hour,156,1.44,7,2.04,55,43.64
Rush Hour,157,3.49,9,2.8,69,73.91
Rush Hour,158,3.39,11,3.68,66,65.15
Rush Hour,159,1.48,8,2.05,52,51.92
Rush Hour,160,2.28,9,2.45,58,65.52
Rush Hour,161,0.49,3,0.85,53,32.08
Rush Hour,162,0.75,4,1.02,55,41.82
Rush Hour,163,1.66,6,1.89,53,54.72
Rush Hour,164,1.09,5,1.39,56,48.21
Rush Hour,165,2.16,8,2.25,63,63.49
Rush Hour,166,2.45,9,2.49,65,63.08
Rush Hour,167,0.45,3,0.85,53,26.42
Rush Hour,168,1.33,6,1.69,57,49.12
Rush Hour,169,2.45,9,2.64,67,62.69
Rush Hour,170,0.9,5,1.27,67,44.78
Rush Hour,171,1.88,8,2.07,66,62.12
Rush Hour,172,0.7,3,0.87,56,44.64
Rush Hour,173,3.83,12,3.37,58,74.14
Rush Hour,174,1.21,6,1.71,56,42.86
Rush Hour,175,2.15,9,2.55,60,56.67
Rush Hour,176,0.98,5,1.38,60,45.0
Rush Hour,177,0.53,4,0.98,55,29.09
Rush Hour,178,4.17,11,3.57,71,74.65
Rush Hour,179,1.8,6,1.84,50,60.0
Rush Hour,180,4.54,13,4.3,67,70.15
Rush Hour,181,3.35,9,2.91,69,78.26
Rush Hour,182,2.78,11,2.73,69,69.57
Rush Hour,183,1.04,5,1.47,51,43.14
Rush Hour,184,0.87,5,1.24,54,40.74
Rush Hour,185,6.23,15,4.96,64,75.0
Rush Hour,186,0.54,4,1.04,56,25.0
Rush Hour,187,0.57,4,0.9,51,35.29
Rush Hour,188,0.69,3,0.94,58,43.1
Rush Hour,189,0.98,5,1.34,54,48.15
Rush Hour,190,1.14,4,1.22,64,54.69
Rush Hour,191,2.29,10,2.55,68,63.24
Rush Hour,192,1.4,5,1.59,63,52.38
Rush Hour,193,1.02,4,1.35,59,45.76
Rush Hour,194,1.44,5,1.68,55,50.91
Rush Hour,195,1.53,8,1.9,60,55.0
Rush Hour,196,2.62,9,2.67,65,67.69
Rush Hour,197,3.37,9,2.71,70,77.14
Rush Hour,198,1.37,5,1.76,52,48.08
Rush Hour,199,1.61,10,2.38,59,45.76
Rush Hour,200,0.51,4,1.06,47,25.53
Rush Hour,201,0.65,4,1.07,49,34.69
Rush Hour,202,1.22,6,1.79,50,42.0
Rush Hour,203,2.33,9,2.5,63,68.25
Rush Hour,204,0.92,4,1.29,49,42.86
Rush Hour,205,1.19,8,1.9,59,38.98
Rush Hour,206,2.6,7,2.33,62,70.97
Rush Hour,207,2.62,9,2.41,69,73.91
Rush Hour,208,1.81,8,2.13,62,56.45
Rush Hour,209,1.47,6,1.6,62,58.06
Rush Hour,210,1.02,5,1.54,51,39.22
Rush Hour,211,0.67,4,1.1,52,34.62
Rush Hour,212,1.61,7,2.09,61,49.18
Rush Hour,213,1.12,6,1.36,65,53.85
Rush Hour,214,1.92,6,2.03,63,58.73
Rush Hour,215,0.9,5,1.26,48,45.83
Rush Hour,216,1.22,5,1.35,63,53.97
Rush Hour,217,1.84,6,1.83,73,64.38
Rush Hour,218,0.67,4,1.16,49,30.61
Rush Hour,219,2.09,8,2.39,55,60.0
Rush Hour,220,2.4,9,2.78,68,58.82
Rush Hour,221,1.19,6,1.57,63,53.97
Rush Hour,222,2.0,7,1.96,65,67.69
Rush Hour,223,1.62,5,1.79,52,53.85
Rush Hour,224,6.3,15,5.41,61,67.21
Rush Hour,225,2.0,6,2.05,61,59.02
Rush Hour,226,0.79,5,1.3,47,34.04
Rush Hour,227,1.46,5,1.56,59,59.32
Rush Hour,228,13.83,26,8.49,87,93.1
Rush Hour,229,1.04,5,1.34,57,47.37
Rush Hour,230,1.43,6,1.97,60,46.67
Rush Hour,231,1.16,6,1.71,55,47.27
Rush Hour,232,1.32,6,1.55,59,55.93
Rush Hour,233,0.38,3,0.7,56,26.79
Rush Hour,234,1.6,5,1.77,57,54.39
Rush Hour,235,0.84,4,1.19,57,43.86
Rush Hour,236,1.47,6,1.75,60,55.0
Rush Hour,237,0.8,6,1.26,59,42.37
Rush Hour,238,0.51,4,0.89,57,33.33
Rush Hour,239,0.82,4,1.27,50,34.0
Rush Hour,240,1.88,8,2.07,65,66.15
Rush Hour,241,0.89,5,1.2,61,44.26
Rush Hour,242,3.65,12,3.71,75,66.67
Rush Hour,243,1.45,6,1.72,56,55.36
Rush Hour,244,1.2,8,1.97,56,41.07
Rush Hour,245,4.74,13,4.07,70,77.14
Rush Hour,246,0.56,3,0.89,57,31.58
Rush Hour,247,2.34,10,2.68,73,63.01
Rush Hour,248,0.98,6,1.42,50,46.0
Rush Hour,249,2.0,10,2.72,59,55.93
Rush Hour,250,1.03,4,1.31,63,46.03
Rush Hour,251,0.56,3,0.97,48,29.17
Rush Hour,252,1.11,4,1.2,66,54.55
Rush Hour,253,1.22,8,1.89,67,46.27
Rush Hour,254,0.75,5,1.14,61,40.98
Rush Hour,255,0.49,3,0.86,43,30.23
Rush Hour,256,1.22,6,1.6,55,50.91
Rush Hour,257,1.41,6,1.59,61,59.02
Rush Hour,258,1.19,6,1.66,59,45.76
Rush Hour,259,1.6,6,1.76,52,59.62
Rush Hour,260,2.21,8,2.03,68,70.59
Rush Hour,261,1.93,6,1.91,58,62.07
Rush Hour,262,1.2,4,1.26,71,59.15
Rush Hour,263,1.36,7,1.77,61,47.54
Rush Hour,264,0.46,3,0.79,50,32.0
Rush Hour,265,1.94,8,2.36,62,58.06
Rush Hour,266,0.8,6,1.5,51,33.33
Rush Hour,267,1.66,7,1.82,70,60.0
Rush Hour,268,0.85,4,1.17,53,43.4
Rush Hour,269,1.23,7,1.66,60,50.0
Rush Hour,270,0.76,4,1.1,63,39.68
Rush Hour,271,0.84,4,1.18,49,38.78
Rush Hour,272,0.65,4,0.95,54,40.74
Rush Hour,273,1.7,6,1.89,57,57.89
Rush Hour,274,0.69,4,1.09,55,36.36
Rush Hour,275,3.42,10,3.33,71,71.83
Rush Hour,276,2.17,8,2.2,60,63.33
Rush Hour,277,1.29,6,1.99,51,39.22
Rush Hour,278,0.38,3,0.76,55,23.64
Rush Hour,279,0.8,3,0.98,66,50.0
Rush Hour,280,3.35,10,2.9,68,75.0
Rush Hour,281,1.09,6,1.49,56,48.21
Rush Hour,282,0.8,4,1.13,59,40.68
Rush Hour,283,1.73,6,1.81,66,56.06
Rush Hour,284,1.82,11,2.54,65,58.46
Rush Hour,285,1.64,6,1.7,61,60.66
Rush Hour,286,1.46,8,1.91,59,49.15
Rush Hour,287,1.55,6,1.75,67,56.72
Rush Hour,288,1.0,4,1.25,61,47.54
Rush Hour,289,1.69,8,1.8,71,70.42
Rush Hour,290,1.04,5,1.5,55,41.82
Rush Hour,291,0.73,4,1.19,52,34.62
Rush Hour,292,4.37,14,3.86,67,76.12
Rush Hour,293,1.72,8,2.26,57,54.39
Rush Hour,294,0.88,4,1.26,50,42.0
Rush Hour,295,2.52,11,3.29,58,55.17
Rush Hour,296,1.33,8,1.85,54,51.85
Rush Hour,297,1.08,6,1.57,53,41.51
Rush Hour,298,1.67,7,2.12,60,50.0
Rush Hour,299,2.53,9,2.42,68,75.0
Rush Hour,300,3.51,12,3.88,70,68.57
Rush Hour,301,1.77,8,2.82,44,40.91
Rush Hour,302,1.02,4,1.27,57,49.12
Rush Hour,303,0.65,4,0.97,54,38.89
Rush Hour,304,0.79,4,1.09,48,41.67
Rush Hour,305,1.95,9,2.33,57,57.89
Rush Hour,306,1.34,7,1.83,59,49.15
Rush Hour,307,3.36,9,2.65,73,78.08
Rush Hour,308,3.73,12,3.94,71,67.61
Rush Hour,309,2.48,9,2.41,71,70.42
Rush Hour,310,1.78,10,2.47,65,55.38
Rush Hour,311,1.39,7,1.82,67,53.73
Rush Hour,312,0.87,4,1.22,55,43.64
Rush Hour,313,4.42,14,4.06,64,76.56
Rush Hour,314,1.16,5,1.52,57,45.61
Rush Hour,315,1.15,4,1.25,62,54.84
Rush Hour,316,1.05,4,1.27,57,50.88
Rush Hour,317,0.97,4,1.27,65,44.62
Rush Hour,318,1.92,9,2.25,65,61.54
Rush Hour,319,1.62,7,2.0,64,54.69
Rush Hour,320,2.16,7,2.28,68,61.76
Rush Hour,321,0.97,3,1.14,58,50.0
Rush Hour,322,1.93,10,2.88,60,41.67
Rush Hour,323,5.31,13,4.1,71,71.83
Rush Hour,324,1.78,7,2.16,54,55.56
Rush Hour,325,1.09,6,1.62,53,45.28
Rush Hour,326,4.85,12,2.99,74,89.19
Rush Hour,327,5.45,15,5.54,78,74.36
Rush Hour,328,0.76,4,1.07,55,40.0
Rush Hour,329,1.48,6,1.57,65,58.46
Rush Hour,330,4.14,13,3.58,70,77.14
Rush Hour,331,0.4,3,0.83,55,23.64
Rush Hour,332,0.65,4,1.08,52,32.69
Rush Hour,333,1.15,6,1.61,62,43.55
Rush Hour,334,1.61,7,2.06,54,48.15
Rush Hour,335,1.42,9,2.53,55,34.55
Rush Hour,336,0.59,5,1.09,58,29.31
Rush Hour,337,2.97,11,3.06,66,66.67
Rush Hour,338,3.86,8,2.5,74,86.49
Rush Hour,339,2.73,8,2.75,62,62.9
Rush Hour,340,3.1,8,2.74,59,66.1
Rush Hour,341,2.47,10,2.63,60,63.33
Rush Hour,342,0.38,2,0.72,52,25.0
Rush Hour,343,0.42,2,0.68,57,31.58
Rush Hour,344,1.32,5,1.59,57,49.12
Rush Hour,345,2.48,11,2.93,54,53.7
Rush Hour,346,1.98,7,2.14,66,65.15
Rush Hour,347,0.71,4,1.03,59,40.68
Rush Hour,348,0.6,3,0.95,47,34.04
Rush Hour,349,1.02,5,1.29,56,51.79
Rush Hour,350,1.23,4,1.26,66,57.58
Rush Hour,351,2.06,9,2.51,64,59.38
Rush Hour,352,0.86,4,1.19,58,41.38
Rush Hour,353,1.19,4,1.47,58,46.55
Rush Hour,354,1.17,4,1.29,64,54.69
Rush Hour,355,1.32,5,1.39,56,57.14
Rush Hour,356,1.82,6,1.9,60,63.33
Rush Hour,357,0.44,2,0.64,52,36.54
Rush Hour,358,2.39,7,2.05,67,71.64
Rush Hour,359,1.22,8,2.19,50,36.0
Rush Hour,360,2.41,7,1.73,73,80.82
Rush Hour,361,3.72,11,3.14,71,78.87
Rush Hour,362,1.03,7,1.58,63,46.03
Rush Hour,363,1.68,7,2.16,59,54.24
Rush Hour,364,0.69,4,1.08,52,38.46
Rush Hour,365,1.21,5,1.38,61,54.1
Rush Hour,366,0.74,5,1.14,61,37.7
Rush Hour,367,3.45,9,2.63,76,85.53
Rush Hour,368,2.02,8,2.05,60,63.33
Rush Hour,369,0.75,4,1.11,59,38.98
Rush Hour,370,0.89,5,1.23,57,45.61
Rush Hour,371,1.82,6,1.77,68,66.18
Rush Hour,372,0.5,4,0.84,54,35.19
Rush Hour,373,1.16,6,1.59,64,46.88
Rush Hour,374,0.55,3,0.82,53,37.74
Rush Hour,375,1.9,7,2.08,61,60.66
Rush Hour,376,1.21,5,1.42,61,52.46
Rush Hour,377,1.07,5,1.35,57,50.88
Rush Hour,378,1.65,8,2.07,66,59.09
Rush Hour,379,2.94,8,2.42,69,73.91
Rush Hour,380,1.18,5,1.63,55,43.64
Rush Hour,381,0.41,3,0.85,59,23.73
Rush Hour,382,2.03,11,3.1,61,45.9
Rush Hour,383,0.47,4,0.88,62,29.03
Rush Hour,384,1.97,7,2.12,65,61.54
Rush Hour,385,1.29,4,1.23,65,63.08
Rush Hour,386,2.06,7,1.98,66,66.67
Rush Hour,387,0.58,3,0.8,57,40.35
Rush Hour,388,0.71,4,1.01,63,42.86
Rush Hour,389,0.98,4,1.35,50,44.0
Rush Hour,390,1.54,7,2.31,50,40.0
Rush Hour,391,1.32,7,1.61,59,55.93
Rush Hour,392,0.98,4,1.2,60,48.33
Rush Hour,393,0.68,3,1.0,57,38.6
Rush Hour,394,1.53,7,2.04,58,50.0
Rush Hour,395,1.31,6,1.49,55,56.36
Rush Hour,396,0.45,3,0.8,42,28.57
Rush Hour,397,1.35,4,1.39,54,59.26
Rush Hour,398,2.58,9,2.75,64,59.38
Rush Hour,399,4.03,11,3.13,78,82.05
Rush Hour,400,0.75,3,0.97,60,45.0
Rush Hour,401,2.3,9,2.48,74,71.62
Rush Hour,402,1.0,4,1.34,62,43.55
Rush Hour,403,0.92,6,1.35,61,42.62
Rush Hour,404,0.86,4,1.09,59,49.15
Rush Hour,405,2.1,8,2.31,58,56.9
Rush Hour,406,1.03,4,1.26,61,50.82
Rush Hour,407,1.16,4,1.33,57,54.39
Rush Hour,408,0.71,5,1.22,56,33.93
Rush Hour,409,2.37,13,2.57,82,69.51
Rush Hour,410,1.81,6,1.86,64,64.06
Rush Hour,411,0.76,3,1.01,54,42.59
Rush Hour,412,0.46,3,0.8,52,30.77
Rush Hour,413,1.3,4,1.42,63,57.14
Rush Hour,414,2.73,12,3.79,55,54.55
Rush Hour,415,2.28,7,2.09,68,70.59
Rush Hour,416,1.75,7,2.17,52,48.08
Rush Hour,417,4.79,11,3.1,80,86.25
Rush Hour,418,1.71,7,1.77,72,63.89
Rush Hour,419,0.81,6,1.36,57,35.09
Rush Hour,420,1.85,9,2.35,68,57.35
Rush Hour,421,1.42,6,1.83,55,45.45
Rush Hour,422,2.52,6,1.97,73,76.71
Rush Hour,423,2.8,9,2.46,71,78.87
Rush Hour,424,1.23,8,1.93,57,38.6
Rush Hour,425,1.0,4,1.1,64,54.69
Rush Hour,426,1.53,5,1.71,60,53.33
Rush Hour,427,1.59,7,1.93,63,52.38
Rush Hour,428,0.62,3,0.92,53,37.74
Rush Hour,429,1.0,3,1.13,67,50.75
Rush Hour,430,0.8,4,1.31,45,31.11
Rush Hour,431,1.25,6,1.74,52,44.23
Rush Hour,432,2.75,9,2.66,68,70.59
Rush Hour,433,1.67,8,2.36,60,51.67
Rush Hour,434,0.74,4,1.23,54,33.33
Rush Hour,435,0.43,3,0.74,49,30.61
Rush Hour,436,0.37,4,0.83,41,21.95
Rush Hour,437,1.41,7,2.08,51,45.1
Rush Hour,438,0.82,4,1.12,55,43.64
Rush Hour,439,1.89,8,2.03,57,64.91
Rush Hour,440,1.04,5,1.3,53,52.83
Rush Hour,441,0.65,5,1.18,48,31.25
Rush Hour,442,4.3,15,4.21,80,82.5
Rush Hour,443,5.72,21,7.38,67,56.72
Rush Hour,444,2.56,8,2.56,71,61.97
Rush Hour,445,0.98,6,1.36,61,47.54
Rush Hour,446,1.15,6,1.47,54,50.0
Rush Hour,447,1.43,7,1.88,56,51.79
Rush Hour,448,0.85,5,1.36,52,36.54
Rush Hour,449,3.78,12,3.2,72,80.56
Rush Hour,450,1.32,6,1.63,59,52.54
Rush Hour,451,0.88,4,1.17,57,45.61
Rush Hour,452,1.21,10,2.14,58,37.93
Rush Hour,453,5.0,11,3.68,69,78.26
Rush Hour,454,2.86,9,2.31,74,79.73
Rush Hour,455,0.95,5,1.33,63,46.03
Rush Hour,456,1.35,6,1.65,62,53.23
Rush Hour,457,1.04,4,1.33,53,45.28
Rush Hour,458,0.79,4,1.18,52,38.46
Rush Hour,459,2.26,7,2.03,70,74.29
Rush Hour,460,1.77,8,1.98,65,60.0
Rush Hour,461,2.08,6,2.01,71,70.42
Rush Hour,462,0.31,2,0.64,42,21.43
Rush Hour,463,0.22,2,0.51,50,18.0
Rush Hour,464,1.63,7,1.88,65,58.46
Rush Hour,465,0.46,3,0.81,50,28.0
Rush Hour,466,1.14,6,1.68,49,46.94
Rush Hour,467,1.3,5,1.56,61,50.82
Rush Hour,468,0.81,5,1.22,57,40.35
Rush Hour,469,1.86,9,2.71,56,46.43
Rush Hour,470,2.75,10,3.06,55,60.0
Rush Hour,471,1.28,6,1.68,61,47.54
Rush Hour,472,1.0,5,1.24,61,50.82
Rush Hour,473,2.17,7,2.04,65,69.23
Rush Hour,474,4.79,13,3.66,77,88.31
Rush Hour,475,1.31,6,1.76,49,44.9
Rush Hour,476,0.33,3,0.74,39,20.51
Rush Hour,477,0.44,5,0.95,54,25.93
Rush Hour,478,11.27,24,7.01,85,91.76
Rush Hour,479,5.7,15,4.28,64,81.25
Rush Hour,480,0.43,3,0.84,49,26.53
Rush Hour,481,0.7,4,1.09,56,39.29
Rush Hour,482,1.85,7,2.3,65,52.31
Rush Hour,483,3.0,10,2.88,68,69.12
Rush Hour,484,0.57,3,0.9,51,35.29
Rush Hour,485,0.98,4,1.1,58,53.45
Rush Hour,486,2.68,10,2.61,69,71.01
Rush Hour,487,0.56,4,0.95,54,31.48
Rush Hour,488,1.02,7,1.75,57,36.84
Rush Hour,489,2.1,7,2.17,63,63.49
Rush Hour,490,0.73,3,0.97,63,44.44
Rush Hour,491,1.39,4,1.36,69,62.32
Rush Hour,492,0.89,5,1.39,46,39.13
Rush Hour,493,1.12,4,1.27,59,52.54
Rush Hour,494,1.14,5,1.54,57,40.35
Rush Hour,495,1.3,7,1.63,61,52.46
Rush Hour,496,2.11,9,2.47,76,60.53
Rush Hour,497,1.78,6,1.7,67,67.16
Rush Hour,498,5.45,13,3.63,78,88.46
Rush Hour,499,1.02,4,1.28,61,49.18
Rush Hour,500,3.23,10,2.87,62,69.35
Rush Hour,501,1.04,6,1.41,49,44.9
Rush Hour,502,2.07,9,2.82,56,51.79
Rush Hour,503,3.8,16,4.22,65,61.54
Rush Hour,504,2.87,14,3.81,61,59.02
Rush Hour,505,1.05,5,1.43,59,45.76
Rush Hour,506,1.45,6,1.68,62,54.84
Rush Hour,507,1.09,6,1.38,58,50.0
Rush Hour,508,1.28,4,1.47,60,51.67
Rush Hour,509,0.59,4,1.0,49,34.69
Rush Hour,510,1.53,8,1.84,58,55.17
Rush Hour,511,2.38,7,2.08,61,72.13
Rush Hour,512,1.02,4,1.21,62,50.0
Rush Hour,513,4.07,12,3.87,70,71.43
Rush Hour,514,0.92,5,1.34,52,44.23
Rush Hour,515,2.17,8,2.6,48,50.0
Rush Hour,516,1.16,7,1.72,56,46.43
Rush Hour,517,2.08,7,2.05,62,61.29
Rush Hour,518,1.41,6,1.38,66,65.15
Rush Hour,519,2.33,8,2.58,64,59.38
Rush Hour,520,1.06,6,1.51,62,46.77
Rush Hour,521,1.09,6,1.5,57,49.12
Rush Hour,522,3.5,14,3.41,68,70.59
Rush Hour,523,4.06,11,3.31,66,74.24
Rush Hour,524,0.94,4,1.24,52,44.23
Rush Hour,525,2.17,10,2.83,53,56.6
Rush Hour,526,1.18,7,1.95,45,40.0
Rush Hour,527,1.64,6,2.01,50,46.0
Rush Hour,528,0.58,4,1.02,52,28.85
Rush Hour,529,0.93,4,1.21,58,44.83
Rush Hour,530,2.69,10,2.45,78,74.36
Rush Hour,531,0.94,5,1.26,63,44.44
Rush Hour,532,2.12,8,2.49,59,50.85
Rush Hour,533,5.21,16,5.0,75,74.67
Rush Hour,534,2.68,10,2.67,79,70.89
Rush Hour,535,1.06,4,1.16,49,57.14
Rush Hour,536,0.87,5,1.29,55,41.82
Rush Hour,537,1.88,8,2.07,60,60.0
Rush Hour,538,0.92,4,1.2,61,47.54
Rush Hour,539,4.38,12,3.41,73,76.71
Rush Hour,540,4.33,11,3.62,72,72.22
Rush Hour,541,1.15,4,1.36,53,54.72
Rush Hour,542,1.78,6,2.24,54,50.0
Rush Hour,543,0.9,5,1.31,49,40.82
Rush Hour,544,1.23,7,1.71,64,46.88
Rush Hour,545,1.0,5,1.24,61,52.46
Rush Hour,546,1.21,5,1.58,57,50.88
Rush Hour,547,2.36,10,2.66,76,67.11
Rush Hour,548,1.11,5,1.2,65,58.46
Rush Hour,549,1.18,7,1.66,57,49.12
Rush Hour,550,1.49,6,1.47,70,67.14
Rush Hour,551,1.28,6,1.52,65,55.38
Rush Hour,552,1.23,4,1.43,57,52.63
Rush Hour,553,0.49,4,0.95,57,26.32
Rush Hour,554,4.7,14,4.41,73,82.19
Rush Hour,555,3.32,9,2.98,57,68.42
Rush Hour,556,1.9,7,2.35,60,50.0
Rush Hour,557,1.11,7,1.63,55,50.91
Rush Hour,558,1.32,7,2.02,47,42.55
Rush Hour,559,1.12,6,1.61,56,46.43
Rush Hour,560,1.81,6,1.79,67,62.69
Rush Hour,561,2.16,10,2.48,63,63.49
Rush Hour,562,4.61,18,5.82,64,56.25
Rush Hour,563,1.69,9,2.55,58,46.55
Rush Hour,564,0.7,4,1.12,43,37.21
Rush Hour,565,0.81,4,1.1,54,44.44
Rush Hour,566,2.41,8,2.15,74,75.68
Rush Hour,567,1.89,7,1.8,64,68.75
Rush Hour,568,1.19,7,1.73,53,49.06
Rush Hour,569,0.49,3,0.8,57,31.58
Rush Hour,570,2.14,10,2.63,63,63.49
Rush Hour,571,3.48,10,3.08,64,73.44
Rush Hour,572,3.81,11,3.52,68,73.53
Rush Hour,573,0.98,6,1.34,58,46.55
Rush Hour,574,1.48,8,2.21,52,48.08
Rush Hour,575,1.42,6,1.83,57,47.37
Rush Hour,576,1.25,6,1.75,59,44.07
Rush Hour,577,3.89,12,4.1,61,62.3
Rush Hour,578,2.29,7,2.4,62,54.84
Rush Hour,579,0.9,4,1.12,59,49.15
Rush Hour,580,7.83,15,4.13,78,88.46
Rush Hour,581,0.63,5,1.02,59,37.29
Rush Hour,582,1.18,5,1.47,56,51.79
Rush Hour,583,2.7,8,2.45,71,69.01
Rush Hour,584,1.59,9,2.01,64,60.94
Rush Hour,585,0.83,4,1.19,53,39.62
Rush Hour,586,1.62,9,2.12,60,55.0
Rush Hour,587,1.28,6,1.77,64,50.0
Rush Hour,588,1.62,6,1.58,64,68.75
Rush Hour,589,0.59,4,1.0,46,34.78
Rush Hour,590,1.04,6,1.48,56,46.43
Rush Hour,591,1.37,6,1.85,52,46.15
Rush Hour,592,0.95,4,1.03,64,56.25
Rush Hour,593,3.44,11,3.5,62,67.74
Rush Hour,594,2.79,9,2.94,71,66.2
Rush Hour,595,0.72,4,1.16,50,36.0
Rush Hour,596,1.25,5,1.49,64,54.69
Rush Hour,597,2.13,9,2.6,54,55.56
Rush Hour,598,0.51,3,0.9,51,27.45
Rush Hour,599,5.73,16,4.27,75,88.0
Rush Hour,600,0.64,4,1.05,50,32.0
Rush Hour,601,2.19,11,3.09,67,53.73
Rush Hour,602,1.0,6,1.5,55,41.82
Rush Hour,603,1.18,5,1.49,60,48.33
Rush Hour,604,1.12,6,1.67,60,43.33
Rush Hour,605,4.96,14,4.82,68,69.12
Rush Hour,606,0.86,5,1.54,56,30.36
Rush Hour,607,0.83,6,1.37,48,39.58
Rush Hour,608,0.5,3,0.96,46,26.09
Rush Hour,609,2.15,7,2.06,71,67.61
Rush Hour,610,0.46,2,0.73,57,31.58
Rush Hour,611,1.15,5,1.51,55,47.27
Rush Hour,612,0.5,4,1.0,52,25.0
Rush Hour,613,0.77,5,1.35,53,32.08
Rush Hour,614,2.74,10,3.54,53,49.06
Rush Hour,615,1.15,7,1.7,52,48.08
Rush Hour,616,0.9,4,1.12,51,49.02
Rush Hour,617,0.8,4,1.14,54,40.74
Rush Hour,618,1.58,6,1.72,64,59.38
Rush Hour,619,1.41,6,1.76,56,50.0
Rush Hour,620,2.22,7,2.15,69,63.77
Rush Hour,621,2.7,11,2.76,66,69.7
Rush Hour,622,0.88,6,1.48,51,35.29
Rush Hour,623,1.29,7,1.74,58,50.0
Rush Hour,624,1.12,6,1.58,60,45.0
Rush Hour,625,1.2,6,1.44,59,52.54
Rush Hour,626,2.12,10,2.85,66,57.58
Rush Hour,627,1.03,5,1.44,60,43.33
Rush Hour,628,1.71,6,1.81,58,58.62
Rush Hour,629,0.68,4,1.05,57,36.84
Rush Hour,630,1.62,7,1.98,61,52.46
Rush Hour,631,1.45,7,2.1,55,50.91
Rush Hour,632,1.59,7,1.92,64,56.25
Rush Hour,633,1.49,7,1.86,59,54.24
Rush Hour,634,0.77,4,1.13,43,37.21
Rush Hour,635,1.26,4,1.43,57,54.39
Rush Hour,636,1.08,5,1.37,53,49.06
Rush Hour,637,1.46,5,1.59,50,56.0
Rush Hour,638,0.94,5,1.36,52,40.38
Rush Hour,639,1.48,7,1.93,64,53.12
Rush Hour,640,1.75,8,2.05,68,57.35
Rush Hour,641,0.69,3,1.0,52,36.54
Rush Hour,642,1.6,5,1.66,63,60.32
Rush Hour,643,0.47,3,0.88,51,25.49
Rush Hour,644,1.25,7,1.58,57,52.63
Rush Hour,645,1.04,5,1.19,55,56.36
Rush Hour,646,1.35,6,1.52,60,55.0
Rush Hour,647,1.76,7,1.92,62,59.68
Rush Hour,648,1.21,5,1.38,67,59.7
Rush Hour,649,1.33,5,1.71,55,45.45
Rush Hour,650,1.63,7,2.14,63,49.21
Rush Hour,651,3.21,12,3.17,68,70.59
Rush Hour,652,0.79,5,1.17,61,39.34
Rush Hour,653,0.96,4,1.18,53,49.06
Rush Hour,654,0.58,3,0.95,50,32.0
Rush Hour,655,2.53,10,2.74,64,64.06
Rush Hour,656,0.93,5,1.21,55,47.27
Rush Hour,657,1.98,7,1.99,61,63.93
Rush Hour,658,2.12,6,1.71,67,77.61
Rush Hour,659,0.54,3,0.82,59,35.59
Rush Hour,660,1.52,6,1.66,50,62.0
Rush Hour,661,5.67,14,4.69,63,79.37
Rush Hour,662,2.02,8,2.26,64,59.38
Rush Hour,663,1.45,4,1.45,55,58.18
Rush Hour,664,1.0,8,2.04,52,30.77
Rush Hour,665,3.65,10,3.31,62,64.52
Rush Hour,666,0.63,4,1.05,57,36.84
Rush Hour,667,1.23,7,1.72,60,45.0
Rush Hour,668,0.96,6,1.26,56,55.36
Rush Hour,669,2.06,7,2.14,71,64.79
Rush Hour,670,0.44,2,0.66,55,34.55
Rush Hour,671,3.75,9,3.06,61,72.13
Rush Hour,672,2.1,7,2.15,67,62.69
Rush Hour,673,2.36,8,2.56,59,59.32
Rush Hour,674,3.11,10,3.16,70,64.29
Rush Hour,675,1.13,5,1.47,54,44.44
Rush Hour,676,1.0,4,1.31,51,47.06
Rush Hour,677,1.04,5,1.43,52,48.08
Rush Hour,678,3.51,11,3.09,79,87.34
Rush Hour,679,3.07,10,2.48,69,81.16
Rush Hour,680,2.67,8,2.37,70,74.29
Rush Hour,681,0.68,4,1.04,50,40.0
Rush Hour,682,4.01,13,3.98,76,80.26
Rush Hour,683,5.0,12,3.56,75,78.67
Rush Hour,684,0.47,4,0.86,47,29.79
Rush Hour,685,2.59,8,2.81,63,57.14
Rush Hour,686,1.78,7,2.01,67,59.7
Rush Hour,687,1.9,8,1.98,69,65.22
Rush Hour,688,0.81,4,1.25,52,34.62
Rush Hour,689,1.68,5,1.56,68,64.71
Rush Hour,690,0.51,3,0.86,51,31.37
Rush Hour,691,2.19,8,2.49,68,61.76
Rush Hour,692,0.69,5,1.23,55,32.73
Rush Hour,693,2.06,8,2.06,63,65.08
Rush Hour,694,2.0,8,2.3,62,62.9
Rush Hour,695,1.68,9,2.59,53,45.28
Rush Hour,696,1.07,6,1.39,73,52.05
Rush Hour,697,2.77,12,3.71,73,58.9
Rush Hour,698,1.64,8,2.3,59,47.46
Rush Hour,699,1.47,6,1.72,51,54.9
Rush Hour,700,1.04,6,1.4,46,45.65
Rush Hour,701,1.25,5,1.42,56,55.36
Rush Hour,702,1.57,7,1.6,72,69.44
Rush Hour,703,2.56,9,2.93,73,68.49
Rush Hour,704,4.76,12,3.72,76,78.95
Rush Hour,705,3.92,9,2.82,72,76.39
Rush Hour,706,1.59,5,1.46,64,71.88
Rush Hour,707,0.58,3,0.87,52,38.46
Rush Hour,708,0.74,4,1.02,53,43.4
Rush Hour,709,3.56,9,2.31,75,81.33
Rush Hour,710,0.87,5,1.21,60,45.0
Rush Hour,711,1.82,10,2.63,68,51.47
Rush Hour,712,2.07,6,1.7,69,76.81
Rush Hour,713,0.75,3,1.02,55,41.82
Rush Hour,714,1.78,6,1.64,67,70.15
Rush Hour,715,2.17,8,2.34,69,66.67
Rush Hour,716,1.38,7,1.79,52,50.0
Rush Hour,717,1.23,6,1.53,61,52.46
Rush Hour,718,0.33,2,0.56,46,28.26
Rush Hour,719,1.05,4,1.44,56,41.07
Rush Hour,720,3.19,10,2.6,69,78.26
Rush Hour,721,1.52,6,1.87,61,49.18
Rush Hour,722,2.65,11,2.85,57,61.4
Rush Hour,723,0.8,4,1.11,54,42.59
Rush Hour,724,1.51,6,1.62,69,59.42
Rush Hour,725,1.28,6,1.77,60,46.67
Rush Hour,726,1.21,6,1.67,57,49.12
Rush Hour,727,0.76,6,1.46,46,28.26
Rush Hour,728,1.0,5,1.48,55,40.0
Rush Hour,729,1.57,6,1.73,58,55.17
Rush Hour,730,1.75,7,1.86,64,64.06
Rush Hour,731,2.65,9,2.76,71,66.2
Rush Hour,732,2.25,8,2.3,57,68.42
Rush Hour,733,1.28,6,1.47,71,56.34
Rush Hour,734,0.72,4,1.11,57,36.84
Rush Hour,735,0.69,4,1.15,52,36.54
Rush Hour,736,2.55,6,2.24,69,69.57
Rush Hour,737,1.42,6,1.78,52,51.92
Rush Hour,738,1.35,5,1.53,55,56.36
Rush Hour,739,1.12,7,1.73,52,38.46
Rush Hour,740,1.14,5,1.29,50,54.0
Rush Hour,741,0.82,7,1.56,57,36.84
Rush Hour,742,0.37,3,0.73,49,24.49
Rush Hour,743,1.24,7,1.66,67,49.25
Rush Hour,744,0.73,6,1.37,49,32.65
Rush Hour,745,1.15,6,1.48,62,50.0
Rush Hour,746,1.57,5,1.59,58,58.62
Rush Hour,747,0.2,2,0.46,40,17.5
Rush Hour,748,1.35,7,1.76,52,48.08
Rush Hour,749,1.78,8,2.21,59,52.54
Rush Hour,750,0.43,2,0.72,54,29.63
Rush Hour,751,1.12,5,1.38,56,51.79
Rush Hour,752,2.62,12,3.18,69,68.12
Rush Hour,753,0.62,5,1.11,53,32.08
Rush Hour,754,0.67,3,0.94,64,40.62
Rush Hour,755,2.28,9,2.66,46,52.17
Rush Hour,756,0.88,5,1.39,59,37.29
Rush Hour,757,3.23,17,3.74,73,68.49
Rush Hour,758,2.92,10,3.19,60,66.67
Rush Hour,759,2.34,10,2.87,59,59.32
Rush Hour,760,1.52,7,1.94,54,53.7
Rush Hour,761,1.99,7,2.02,73,69.86
Rush Hour,762,0.96,5,1.37,54,44.44
Rush Hour,763,2.57,12,3.69,58,51.72
Rush Hour,764,2.36,9,2.4,70,72.86
Rush Hour,765,0.98,5,1.33,60,45.0
Rush Hour,766,1.78,9,2.71,50,50.0
Rush Hour,767,1.95,6,2.0,65,61.54
Rush Hour,768,0.98,4,1.14,51,52.94
Rush Hour,769,1.31,6,1.62,61,49.18
Rush Hour,770,2.41,10,3.08,71,56.34
Rush Hour,771,1.07,4,1.36,56,48.21
Rush Hour,772,2.02,7,2.01,65,66.15
Rush Hour,773,1.43,6,1.66,60,58.33
Rush Hour,774,0.42,4,0.8,57,28.07
Rush Hour,775,1.0,3,1.09,55,54.55
Rush Hour,776,3.27,14,4.47,66,53.03
Rush Hour,777,1.62,9,1.98,63,57.14
Rush Hour,778,2.06,10,3.18,49,38.78
Rush Hour,779,1.35,7,1.98,60,46.67
Rush Hour,780,1.28,6,1.75,58,46.55
Rush Hour,781,0.58,3,0.94,55,34.55
Rush Hour,782,4.28,15,4.27,68,66.18
Rush Hour,783,1.1,6,1.5,61,44.26
Rush Hour,784,2.35,8,2.1,77,74.03
Rush Hour,785,1.14,4,1.32,63,53.97
Rush Hour,786,1.69,8,2.38,52,48.08
Rush Hour,787,3.97,11,2.69,71,85.92
Rush Hour,788,0.82,4,1.25,55,38.18
Rush Hour,789,1.61,9,2.61,56,37.5
Rush Hour,790,3.33,9,2.69,73,73.97
Rush Hour,791,2.35,11,2.81,74,66.22
Rush Hour,792,0.74,4,1.18,58,34.48
Rush Hour,793,0.8,4,1.03,55,47.27
Rush Hour,794,2.08,11,3.31,53,45.28
Rush Hour,795,1.76,9,2.28,59,57.63
Rush Hour,796,0.49,3,0.9,59,28.81
Rush Hour,797,0.78,3,0.96,54,46.3
Rush Hour,798,1.06,6,1.74,53,41.51
Rush Hour,799,6.45,15,5.7,71,77.46
Rush Hour,800,0.63,3,0.99,57,33.33
Rush Hour,801,1.82,6,1.81,61,65.57
Rush Hour,802,2.28,9,2.88,54,48.15
Rush Hour,803,2.1,9,2.18,68,63.24
Rush Hour,804,0.65,4,1.05,49,36.73
Rush Hour,805,0.88,5,1.42,52,36.54
Rush Hour,806,2.47,7,2.31,60,71.67
Rush Hour,807,0.95,4,1.21,56,46.43
Rush Hour,808,2.42,7,1.99,69,78.26
Rush Hour,809,1.97,7,2.29,60,53.33
Rush Hour,810,2.03,8,1.99,70,70.0
Rush Hour,811,2.85,11,2.99,68,67.65
Rush Hour,812,3.55,10,3.45,66,68.18
Rush Hour,813,0.79,4,1.02,56,44.64
Rush Hour,814,0.97,7,1.71,60,38.33
Rush Hour,815,1.68,6,1.8,74,60.81
Rush Hour,816,0.56,4,0.96,55,32.73
Rush Hour,817,1.26,6,1.37,62,61.29
Rush Hour,818,1.56,8,1.85,63,58.73
Rush Hour,819,1.74,8,2.36,54,51.85
Rush Hour,820,1.82,6,1.98,56,55.36
Rush Hour,821,1.39,7,1.96,59,47.46
Rush Hour,822,2.14,8,2.54,59,52.54
Rush Hour,823,0.49,4,0.99,51,23.53
Rush Hour,824,1.69,8,1.98,64,60.94
Rush Hour,825,1.45,6,1.79,64,51.56
Rush Hour,826,0.91,4,1.26,46,43.48
Rush Hour,827,1.26,8,2.21,53,35.85
Rush Hour,828,2.16,7,2.2,63,60.32
Rush Hour,829,1.11,4,1.22,54,57.41
Rush Hour,830,1.88,7,2.24,60,51.67
Rush Hour,831,2.7,6,2.04,56,75.0
Rush Hour,832,1.06,5,1.45,64,48.44
Rush Hour,833,1.4,5,1.45,58,60.34
Rush Hour,834,1.18,5,1.43,57,50.88
Rush Hour,835,0.92,6,1.36,63,39.68
Rush Hour,836,0.92,6,1.38,50,40.0
Rush Hour,837,0.93,4,1.18,57,47.37
Rush Hour,838,2.08,8,2.49,62,54.84
Rush Hour,839,2.46,9,2.46,65,70.77
Rush Hour,840,1.7,6,1.65,73,65.75
Rush Hour,841,1.02,5,1.41,56,44.64
Rush Hour,842,2.1,7,2.19,58,60.34
Rush Hour,843,1.06,5,1.33,69,52.17
Rush Hour,844,2.57,11,3.34,65,55.38
Rush Hour,845,0.83,4,1.11,58,44.83
Rush Hour,846,0.81,5,1.33,52,36.54
Rush Hour,847,0.67,4,0.99,57,38.6
Rush Hour,848,1.0,6,1.43,58,41.38
Rush Hour,849,0.8,5,1.23,56,39.29
Rush Hour,850,2.82,9,2.93,57,59.65
Rush Hour,851,1.94,7,1.93,62,66.13
Rush Hour,852,0.6,3,0.95,53,35.85
Rush Hour,853,0.96,5,1.48,52,40.38
Rush Hour,854,2.86,10,3.44,63,55.56
Rush Hour,855,1.0,5,1.41,48,41.67
Rush Hour,856,3.11,9,2.68,70,68.57
Rush Hour,857,0.84,6,1.43,45,37.78
Rush Hour,858,3.78,13,4.16,72,68.06
Rush Hour,859,1.81,7,2.35,57,54.39
Rush Hour,860,0.45,3,0.88,51,25.49
Rush Hour,861,1.33,6,1.37,58,62.07
Rush Hour,862,1.19,5,1.66,58,43.1
Rush Hour,863,1.11,6,1.6,53,47.17
Rush Hour,864,1.26,7,1.64,58,48.28
Rush Hour,865,1.67,10,2.41,63,53.97
Rush Hour,866,1.27,6,1.52,66,56.06
Rush Hour,867,0.69,4,1.02,54,37.04
Rush Hour,868,0.95,5,1.32,57,47.37
Rush Hour,869,0.41,3,0.77,41,26.83
Rush Hour,870,2.27,8,2.5,56,60.71
Rush Hour,871,0.5,3,0.87,52,30.77
Rush Hour,872,0.73,4,0.9,66,48.48
Rush Hour,873,1.77,6,1.98,60,60.0
Rush Hour,874,0.72,4,0.96,65,43.08
Rush Hour,875,0.88,4,1.26,65,40.0
Rush Hour,876,1.69,8,2.21,62,54.84
Rush Hour,877,2.24,9,2.75,66,53.03
Rush Hour,878,1.55,6,1.74,55,54.55
Rush Hour,879,0.88,5,1.41,49,32.65
Rush Hour,880,2.07,7,1.87,69,72.46
Rush Hour,881,2.62,9,2.68,74,64.86
Rush Hour,882,1.54,6,1.99,56,46.43
Rush Hour,883,1.16,5,1.41,57,50.88
Rush Hour,884,0.6,4,0.97,58,34.48
Rush Hour,885,1.96,8,2.45,51,52.94
Rush Hour,886,3.23,11,2.94,74,78.38
Rush Hour,887,0.57,3,0.92,54,33.33
Rush Hour,888,1.82,6,1.98,51,58.82
Rush Hour,889,0.93,3,1.0,57,54.39
Rush Hour,890,3.49,10,2.45,74,83.78
Rush Hour,891,1.41,5,1.62,59,49.15
Rush Hour,892,1.64,8,2.35,58,51.72
Rush Hour,893,1.89,7,2.12,65,63.08
Rush Hour,894,1.48,6,1.73,61,57.38
Rush Hour,895,0.86,5,1.12,64,48.44
Rush Hour,896,1.95,7,1.77,73,73.97
Rush Hour,897,0.88,6,1.2,57,47.37
Rush Hour,898,2.52,11,2.97,63,60.32
Rush Hour,899,0.9,5,1.26,48,45.83
Rush Hour,900,2.61,12,3.22,51,56.86
Rush Hour,901,1.0,5,1.62,50,36.0
Rush Hour,902,1.54,6,1.65,67,64.18
Rush Hour,903,1.18,5,1.59,55,43.64
Rush Hour,904,1.57,7,1.75,65,61.54
Rush Hour,905,2.97,10,2.75,73,79.45
Rush Hour,906,2.25,10,3.09,65,58.46
Rush Hour,907,1.13,5,1.36,62,53.23
Rush Hour,908,0.67,4,1.04,52,38.46
Rush Hour,909,1.21,5,1.51,68,54.41
Rush Hour,910,1.87,6,1.7,63,66.67
Rush Hour,911,1.17,4,1.16,66,65.15
Rush Hour,912,1.85,9,1.96,66,65.15
Rush Hour,913,4.0,12,3.49,71,77.46
Rush Hour,914,0.97,5,1.2,59,49.15
Rush Hour,915,0.92,3,1.06,62,53.23
Rush Hour,916,0.78,3,1.14,49,36.73
Rush Hour,917,0.97,4,1.18,69,52.17
Rush Hour,918,0.98,4,1.15,58,53.45
Rush Hour,919,1.26,6,1.47,53,54.72
Rush Hour,920,0.74,3,1.05,50,40.0
Rush Hour,921,1.95,8,2.25,61,57.38
Rush Hour,922,3.14,12,3.25,65,70.77
Rush Hour,923,1.74,8,1.97,57,57.89
Rush Hour,924,2.16,9,2.56,63,60.32
Rush Hour,925,1.23,4,1.23,70,62.86
Rush Hour,926,1.05,5,1.41,56,48.21
Rush Hour,927,1.22,7,1.74,63,47.62
Rush Hour,928,1.0,5,1.39,54,44.44
Rush Hour,929,1.27,6,1.78,55,41.82
Rush Hour,930,1.66,8,2.25,59,50.85
Rush Hour,931,1.61,6,1.45,75,73.33
Rush Hour,932,0.54,6,1.18,52,26.92
Rush Hour,933,0.89,6,1.35,57,45.61
Rush Hour,934,0.75,4,1.14,60,36.67
Rush Hour,935,0.26,2,0.54,43,20.93
Rush Hour,936,2.06,7,1.85,62,70.97
Rush Hour,937,0.5,4,0.93,54,27.78
Rush Hour,938,2.9,10,2.97,71,70.42
Rush Hour,939,0.94,4,1.32,63,39.68
Rush Hour,940,0.98,5,1.46,50,40.0
Rush Hour,941,0.85,5,1.43,48,33.33
Rush Hour,942,1.1,6,1.66,61,44.26
Rush Hour,943,1.84,8,2.27,67,56.72
Rush Hour,944,1.36,7,1.96,56,41.07
Rush Hour,945,0.85,4,1.16,52,48.08
Rush Hour,946,1.47,7,1.65,62,59.68
Rush Hour,947,2.38,6,1.88,69,76.81
Rush Hour,948,1.46,9,2.35,57,40.35
Rush Hour,949,1.12,7,1.64,59,47.46
Rush Hour,950,0.82,4,1.14,60,43.33
Rush Hour,951,0.7,4,1.12,47,34.04
Rush Hour,952,1.81,6,1.7,63,71.43
Rush Hour,953,1.91,7,1.94,64,64.06
Rush Hour,954,2.4,7,2.24,70,70.0
Rush Hour,955,1.55,6,1.72,64,59.38
Rush Hour,956,2.08,6,1.84,75,72.0
Rush Hour,957,0.77,6,1.32,53,35.85
Rush Hour,958,3.08,10,3.27,66,62.12
Rush Hour,959,1.88,10,2.7,64,56.25
Rush Hour,960,0.9,4,1.21,49,42.86
Rush Hour,961,4.89,19,6.89,71,54.93
Rush Hour,962,0.63,3,1.09,52,30.77
Rush Hour,963,2.49,10,2.37,69,69.57
Rush Hour,964,0.8,4,1.01,64,48.44
Rush Hour,965,1.1,8,1.88,51,39.22
Rush Hour,966,1.02,6,1.49,57,40.35
Rush Hour,967,1.32,6,1.68,63,52.38
Rush Hour,968,1.8,8,2.13,59,54.24
Rush Hour,969,3.87,11,3.28,70,77.14
Rush Hour,970,0.9,6,1.43,59,42.37
Rush Hour,971,0.78,5,1.11,65,44.62
Rush Hour,972,0.71,4,1.09,56,37.5
Rush Hour,973,0.56,4,1.02,54,27.78
Rush Hour,974,0.88,6,1.31,59,40.68
Rush Hour,975,1.32,7,2.11,44,36.36
Rush Hour,976,1.28,7,1.85,61,45.9
Rush Hour,977,1.55,7,2.01,62,51.61
Rush Hour,978,2.85,9,2.95,67,61.19
Rush Hour,979,1.26,5,1.6,61,47.54
Rush Hour,980,0.42,3,0.77,48,29.17
Rush Hour,981,1.45,7,1.95,64,50.0
Rush Hour,982,0.97,5,1.22,64,51.56
Rush Hour,983,4.29,13,3.51,75,80.0
Rush Hour,984,0.36,4,0.88,45,17.78
Rush Hour,985,1.33,5,1.51,63,57.14
Rush Hour,986,2.8,9,2.96,66,63.64
Rush Hour,987,6.65,13,4.34,81,82.72
Rush Hour,988,0.92,8,1.87,53,30.19
Rush Hour,989,0.84,4,1.05,57,49.12
Rush Hour,990,1.05,6,1.59,56,42.86
Rush Hour,991,4.92,13,3.57,72,87.5
Rush Hour,992,1.02,4,1.27,62,48.39
Rush Hour,993,0.41,4,0.98,49,20.41
Rush Hour,994,1.38,6,1.72,58,50.0
Rush Hour,995,1.94,8,1.98,70,67.14
Rush Hour,996,0.81,4,1.04,53,45.28
Rush Hour,997,1.49,10,2.43,65,44.62
Rush Hour,998,2.4,9,2.58,73,68.49
Rush Hour,999,3.17,9,3.15,65,63.08
Rush Hour,1000,4.72,10,3.24,67,80.6
